Customer_ID,Customer_Name,Date_of_Birth,Marital_Status,Gender,Yearly_Income
RH19495,Rick Hansen,1983-09-03,M,M,90000
JR16210,Justin Ritter,1961-09-25,S,M,60000
CR12730,Craig Reiter,1998-11-23,M,M,60000
KM16375,Katherine Murray,1987-08-04,S,F,70000
RH9495,Rick Hansen,1979-10-30,S,F,80000
JM15655,Jim Mitchum,1972-01-23,S,M,70000
TS21340,Toby Swindell,1964-10-05,S,F,70000
MB18085,Mick Brown,1996-01-27,M,M,60000
JW15220,Jane Waco,2004-09-27,S,F,60000
JH15985,Joseph Holt,1950-08-16,S,M,70000
GM14695,Greg Maxwell,1956-11-29,S,F,70000
AJ10780,Anthony Jacobs,1999-01-13,M,M,60000
MM7260,Magdelene Morse,1966-08-15,M,F,100000
VF21715,Vicky Freymann,1988-12-06,M,M,100000
PF19120,Peter Fuller,1974-04-05,S,F,100000
BP11185,Ben Peterman,1951-04-22,S,F,30000
TB21175,Thomas Boland,1970-06-13,M,M,30000
PJ18835,Patrick Jones,1991-05-13,S,F,20000
JS15685,Jim Sink,1973-03-09,S,M,30000
RH9555,Ritsa Hightower,1983-12-02,S,M,40000
AB600,Ann Blume,1962-07-12,S,M,40000
SA20830,Sue Ann Reed,1992-07-15,S,F,40000
JK15325,Jason Klamczynski,1980-09-17,M,M,40000
LB16795,Laurel Beltran,1985-07-04,M,M,40000
NP18325,Naresj Patel,1952-11-08,M,M,60000
VD21670,Valerie Dominguez,1991-06-20,M,M,10000
PB19210,Phillip Breyer,1951-12-05,S,M,30000
EB14110,Eugene Barchas,1991-12-03,M,M,30000
KF16285,Karen Ferguson,1968-05-05,M,F,30000
BP11230,Benjamin Patterson,1981-06-14,M,M,30000
RR19525,Rick Reed,1994-12-15,M,F,10000
BS11365,Bill Shonely,1993-03-24,M,F,20000
JE15745,Joel Eaton,1952-09-20,M,F,20000
DP13105,Dave Poirier,1996-02-19,M,M,20000
NP18700,Nora Preis,1968-02-18,M,F,20000
AH30,Aaron Hawkins,1977-11-19,M,F,10000
DM13015,Darrin Martin,2005-05-31,M,F,60000
GT14635,Grant Thornton,1972-02-06,S,F,40000
PO18865,Patrick O'Donnell,1977-12-16,M,F,10000
DL12865,Dan Lawera,1981-09-08,M,M,30000
JB16000,Joy Bell,1954-10-25,M,M,30000
BF11005,Barry Franz,1978-12-14,M,F,60000
VG21805,Vivek Grady,1964-08-31,M,F,70000
GT14710,Greg Tran,1981-08-24,M,M,60000
ZC21910,Zuschuss Carroll,1983-12-30,M,M,20000
SC20095,Sanjit Chand,1951-02-02,S,M,30000
EB13840,Ellis Ballard,1990-06-14,M,F,30000
AP10915,Arthur Prichep,1959-08-22,M,F,30000
SW20275,Scott Williamson,1994-03-23,M,M,30000
JH15820,John Huston,1951-03-21,S,F,40000
LC16885,Lena Creighton,1990-09-27,M,M,30000
TG11640,Trudy Glocke,1999-01-10,S,M,30000
HR14830,Harold Ryan,1976-03-31,S,F,40000
DG3300,Deirdre Greer,1950-07-31,M,F,60000
SG20470,Sheri Gordon,1983-02-08,M,F,40000
FH14365,Fred Hopkins,1991-06-25,M,M,40000
GP14740,Guy Phonely,1993-11-26,M,F,40000
MW18220,Mitch Webber,1959-06-15,M,M,70000
PO18850,Patrick O'Brill,1996-03-28,M,M,80000
CS12460,Chuck Sachs,1954-03-27,S,F,80000
KD16495,Keith Dawkins,1983-06-28,M,M,80000
MS17980,Michael Stewart,2001-04-18,M,M,80000
KC16675,Kimberly Carter,2002-12-25,M,M,40000
DB13405,Denny Blanton,1992-10-26,S,F,40000
JD15895,Jonathan Doherty,1957-05-31,M,M,40000
DK13090,Dave Kipp,1956-09-21,M,F,60000
CS11845,Cari Sayre,1995-06-06,M,F,70000
EM14200,Evan Minnotte,1994-07-03,S,M,60000
DW3480,Dianna Wilson,1957-06-25,S,F,80000
AS10225,Alan Schoenberger,1952-06-15,S,F,80000
ST20530,Shui Tom,1951-01-04,M,M,80000
BW1065,Barry Weirich,2002-08-04,S,F,80000
LA16780,Laura Armstrong,1965-10-26,S,F,80000
AB10150,Aimee Bixby,1969-04-23,S,F,70000
CM12385,Christopher Martinez,1976-03-14,S,M,70000
BE11410,Bobby Elias,1978-04-16,S,F,80000
SZ20035,Sam Zeldin,1999-04-29,S,M,80000
RM19375,Raymond Messe,1956-06-20,S,F,80000
HG14845,Harry Greene,1950-10-02,S,F,40000
DP3105,Dave Poirier,1956-09-14,S,M,160000
AR10540,Andy Reiter,1987-08-16,M,M,170000
TP21415,Tom Prescott,1969-02-27,M,F,120000
AM10705,Anne McFarland,1982-09-24,S,F,130000
AB255,Alejandro Ballentine,1953-02-03,M,F,130000
RP19270,Rachel Payne,2003-08-30,S,M,80000
BK11260,Berenike Kampe,1985-08-18,S,F,60000
JM15250,Janet Martin,1950-11-14,M,M,70000
LW16990,Lindsay Williams,1998-02-08,M,F,70000
NZ18565,Nick Zandusky,1969-01-14,M,M,80000
SV10815,Stuart Van,1959-11-05,S,F,80000
SC20695,Steve Chapman,1957-04-09,S,M,90000
NC18625,Noah Childs,1992-10-30,M,M,90000
NF18385,Natalie Fritzler,1985-05-08,M,F,90000
PM18940,Paul MacIntyre,1959-09-30,M,F,100000
MZ17335,Maria Zettner,1988-04-30,S,M,70000
HM4980,Henry MacAllister,1993-01-11,S,M,70000
RW19540,Rick Wilson,1998-09-09,M,M,60000
LH17155,Logan Haushalter,1958-10-15,M,M,60000
KM16660,Khloe Miller,1981-11-29,S,F,60000
AB10060,Adam Bellavance,1973-04-09,M,M,60000
DB13060,Dave Brooks,2001-01-06,S,F,60000
VM21685,Valerie Mitchum,1987-06-07,S,F,70000
DM13525,Don Miller,1953-12-30,S,F,80000
NM18520,Neoma Murray,1966-08-12,S,F,70000
RO19780,Rose O'Brian,1985-04-30,M,M,70000
SB20185,Sarah Brown,2002-09-25,S,F,70000
EM14065,Erin Mull,1963-10-09,S,M,70000
RS19765,Roland Schwarz,1983-12-05,M,F,90000
ON18715,Odella Nelson,1958-07-05,S,F,70000
VS21820,Vivek Sundaresam,1951-11-05,S,M,70000
CM12115,Chad McGuire,1950-07-01,M,M,60000
TB21400,Tom Boeckenhauer,1963-01-06,M,F,60000
AB10105,Adrian Barton,1952-06-28,M,F,60000
DW13540,Don Weiss,1987-02-26,M,M,70000
PS19045,Penelope Sewall,1957-08-28,S,F,70000
CC12370,Christopher Conant,1995-03-16,M,M,70000
TC21295,Toby Carlisle,1953-10-04,M,M,70000
GM14440,Gary McGarr,1970-03-24,M,F,70000
SV20815,Stuart Van,1954-10-25,S,M,80000
MM17920,Michael Moore,1963-04-07,S,M,30000
JK16120,Julie Kriz,1953-07-11,S,F,40000
DJ13510,Don Jones,1965-10-26,M,M,70000
AT10435,Alyssa Tate,1968-03-29,M,M,70000
AB10015,Aaron Bergman,1989-11-09,M,M,70000
RP19390,Resi Pölking,1952-05-19,S,M,80000
MJ17740,Max Jones,1953-05-22,S,F,70000
PV18985,Paul Van Hugh,2002-01-11,M,M,10000
SB20290,Sean Braxton,1997-02-18,M,F,40000
SM10005,Sally Matthias,1977-12-24,M,F,40000
KH16330,Katharine Harms,1989-12-02,S,F,40000
MP18175,Mike Pelletier,1955-10-20,M,F,30000
LH17020,Lisa Hazard,1998-11-28,M,F,30000
ND18370,Natalie DeCherney,1965-07-06,S,F,30000
CR12625,Corey Roper,1966-11-18,S,F,30000
GM14680,Greg Matthias,1965-02-10,S,M,10000
RA19945,Ryan Akin,1978-05-30,S,M,30000
BW11110,Bart Watters,2001-03-03,S,F,40000
RF19735,Roland Fjeld,1975-03-13,M,F,40000
AG10675,Anna Gayman,1998-08-25,M,F,40000
DM12955,Dario Medina,1955-08-31,S,F,30000
KD16270,Karen Daniels,1984-05-19,S,M,30000
BE11335,Bill Eplett,2005-10-16,M,F,40000
SO20335,Sean O'Donnell,1976-06-17,S,M,40000
DK12835,Damala Kotsonis,1967-09-23,M,M,40000
LC7050,Liz Carlisle,1973-06-30,S,M,40000
CG12520,Claire Gute,1987-05-18,S,F,40000
TB21280,Toby Braunhardt,1951-05-09,S,F,40000
HG15025,Hunter Glantz,1978-04-24,M,M,60000
AD10180,Alan Dominguez,1950-12-14,M,M,40000
BP11155,Becky Pak,1981-11-23,M,M,40000
AA10480,Andrew Allen,1967-10-22,S,M,40000
RL19615,Rob Lucas,1951-09-19,S,F,60000
CS12505,Cindy Stewart,1982-06-22,S,M,40000
SW20245,Scot Wooten,1958-05-05,M,F,40000
TA21385,Tom Ashbrook,1964-01-04,S,F,40000
YC21895,Yoseph Carroll,1981-01-24,S,M,40000
JM15580,Jill Matthias,1968-06-21,S,F,40000
MZ7335,Maria Zettner,1963-04-13,M,F,40000
JF15295,Jason Fortune,1966-07-01,S,M,40000
JL15835,John Lee,1982-12-31,S,F,40000
DJ3510,Don Jones,1999-03-14,S,M,40000
MF18250,Monica Federle,1973-03-07,S,F,40000
JE15610,Jim Epp,1950-12-19,S,M,40000
CP12340,Christine Phan,1999-07-06,M,M,40000
EH14125,Eugene Hildebrand,1958-09-05,S,M,40000
NC18340,Nat Carroll,1957-09-30,M,F,60000
JS16030,Joy Smith,1996-06-02,S,F,70000
AM10360,Alice McCarthy,1954-09-23,S,F,80000
JF15190,Jamie Frazer,1992-05-30,S,M,80000
JG15160,James Galang,1966-12-18,M,M,90000
DP13390,Dennis Pardue,1997-11-21,M,F,90000
AG10330,Alex Grayson,1956-08-14,S,M,100000
GK14620,Grace Kelly,1990-06-01,M,F,100000
NF18475,Neil Französisch,1990-10-06,S,F,110000
DR12940,Daniel Raglin,2004-11-09,M,M,110000
NB18655,Nona Balk,1963-09-05,S,M,70000
NM18445,Nathan Mautz,1987-06-10,M,M,90000
NP18670,Nora Paige,1951-09-19,M,M,110000
SC20380,Shahid Collister,1988-05-31,M,M,100000
PA9060,Pete Armstrong,1951-11-08,M,F,120000
RB19570,Rob Beeghly,1971-12-07,M,F,160000
SR20740,Steven Roelle,1972-11-25,M,M,170000
RH19510,Rick Huthwaite,2002-09-10,S,F,70000
LH16750,Larry Hughes,1966-12-07,S,F,70000
KB16585,Ken Black,1997-04-22,S,F,70000
EM13810,Eleni McCrary,1958-06-15,S,F,70000
MZ7515,Mary Zewe,1985-07-25,S,F,70000
DM13345,Denise Monton,1986-02-03,M,F,60000
CA11965,Carol Adams,1956-08-02,M,F,60000
SC20305,Sean Christensen,1969-08-16,S,M,60000
MH18115,Mick Hernandez,1974-10-09,M,M,70000
KS16300,Karen Seio,2001-08-22,S,F,70000
BG11740,Bruce Geld,1959-04-12,M,M,60000
CR2625,Corey Roper,1976-10-30,M,M,60000
CB12415,Christy Brittain,1979-08-21,M,F,60000
AP10720,Anne Pryor,1974-09-08,M,F,60000
CR12820,Cyra Reiten,1989-11-17,M,M,60000
BF11080,Bart Folk,1952-12-25,M,F,70000
JM15265,Janet Molinari,1991-05-06,S,F,70000
TW21025,Tamara Willingham,1992-07-14,M,F,70000
RB19330,Randy Bradley,1987-12-01,M,M,70000
JA15970,Joseph Airdo,1983-06-14,M,F,70000
AB60,Adam Bellavance,2005-01-11,M,F,80000
JR5670,Jim Radford,2003-11-20,M,M,40000
MD17350,Maribeth Dona,1971-12-19,M,F,40000
PK19075,Pete Kriz,1986-09-16,M,F,40000
TP21130,Theone Pippenger,1983-10-13,M,M,60000
JK15640,Jim Kriz,2003-06-05,S,F,60000
CD11920,Carlos Daly,1976-06-21,M,F,60000
JL5835,John Lee,1996-03-01,M,F,60000
EP13915,Emily Phan,1984-05-06,M,M,70000
MS17770,Maxwell Schwartz,1960-06-02,M,F,40000
CM12655,Corinna Mitchell,1962-12-26,M,F,40000
JC6105,Julie Creighton,1999-01-12,S,F,60000
GB14530,George Bell,1965-09-26,S,M,60000
JH16180,Justin Hirsh,1953-01-18,M,F,40000
MT8070,Michelle Tran,1968-05-22,S,F,60000
CV2805,Cynthia Voltz,2000-05-22,S,F,60000
NH18610,Nicole Hansen,1959-02-27,S,F,60000
HJ14875,Heather Jas,1951-08-19,M,M,60000
JL15175,James Lanier,1988-10-03,M,F,60000
MY18295,Muhammed Yedwab,2002-03-03,M,M,70000
MW18235,Mitch Willingham,2005-06-27,M,F,80000
KC16540,Kelly Collister,1986-12-16,S,F,70000
HA14920,Helen Andreada,1987-09-29,S,F,70000
MT17815,Meg Tillman,2000-03-02,M,F,60000
FW14395,Fred Wasserman,1989-08-20,M,F,60000
BH11710,Brosina Hoffman,1963-04-20,S,M,60000
DK12895,Dana Kaydos,1987-06-19,M,F,60000
SC20845,Sung Chung,1967-06-02,S,M,70000
CY12745,Craig Yedwab,1976-09-11,M,F,70000
HL15040,Hunter Lopez,1990-08-06,M,M,60000
CT11995,Carol Triggs,1979-03-24,M,F,60000
GR4560,Georgia Rosenberg,1974-03-31,M,M,70000
TT21070,Ted Trevino,1954-05-09,S,F,70000
PO19195,Phillina Ober,1975-03-27,M,M,70000
ED13885,Emily Ducich,1982-10-19,S,M,70000
TM21490,Tony Molinari,1976-08-28,S,M,130000
AW10840,Anthony Witt,1986-04-25,S,F,130000
AT10735,Annie Thurman,1999-08-07,M,F,130000
SG10605,Speros Goranitis,1955-05-22,M,F,160000
BM11785,Bryan Mills,1975-06-24,S,F,100000
DK13375,Dennis Kane,1964-11-12,M,M,110000
PF19225,Phillip Flathmann,1984-04-30,M,F,150000
TG21310,Toby Gnade,1993-04-16,S,F,170000
SF10200,Sarah Foster,1978-08-29,M,M,120000
JW5220,Jane Waco,1996-03-21,M,F,120000
CC12100,Chad Cunningham,1958-09-07,S,F,130000
RD19930,Russell D'Ascenzo,1962-11-25,M,M,110000
BP1230,Benjamin Patterson,1980-05-05,M,F,130000
CS12175,Charles Sheldon,1963-11-06,M,F,170000
JD16060,Julia Dunbar,1952-01-09,S,M,30000
GH14665,Greg Hansen,2003-03-03,S,M,90000
CM11935,Carlos Meador,1977-06-05,M,M,60000
RB9465,Rick Bensley,1962-06-19,M,M,70000
RB19795,Ross Baird,1978-11-17,M,M,70000
DL13495,Dionis Lloyd,1955-02-25,M,F,70000
TS21205,Thomas Seio,1994-10-31,S,F,120000
MV8190,Mike Vittorini,1997-04-26,M,M,120000
BD11560,Brendan Dodson,1981-01-13,M,F,100000
PS18760,Pamela Stobb,1966-03-10,M,F,110000
FM14215,Filia McAdams,1956-10-04,M,F,130000
CA12775,Cynthia Arntzen,1970-05-28,M,F,80000
CD12790,Cynthia Delaney,1976-10-11,M,F,90000
NL18310,Nancy Lomonaco,1985-06-18,S,M,90000
TB21055,Ted Butterfield,1988-02-25,M,F,90000
EH4125,Eugene Hildebrand,1968-01-29,S,F,90000
KB16600,Ken Brennan,1975-07-15,S,M,120000
KW16435,Katrina Willman,1987-03-13,M,F,130000
MG17695,Maureen Gnade,1957-09-27,M,M,130000
HM14860,Harry Marie,1959-10-29,M,M,130000
BP11290,Beth Paige,1950-08-29,S,F,150000
HZ4950,Henia Zydlo,1965-02-24,S,F,70000
TC20980,Tamara Chand,1954-04-12,M,M,90000
EM13825,Elizabeth Moffitt,1967-11-10,M,M,50000
BS11800,Bryan Spruell,1953-06-27,M,F,80000
DV13465,Dianna Vittorini,1974-06-17,M,F,80000
MB17305,Maria Bertelson,1958-03-15,M,M,80000
PC19000,Pauline Chand,1973-12-27,S,M,90000
CA12310,Christine Abelman,1950-11-10,M,F,90000
KC16255,Karen Carlisle,1974-03-31,M,M,90000
DB3660,Duane Benoit,1957-12-12,S,F,110000
SC20260,Scott Cohen,1999-10-23,M,M,90000
BD11500,Bradley Drucker,1990-01-31,M,M,110000
BM11140,Becky Martin,1962-01-26,M,F,110000
KB16315,Karl Braun,2003-05-10,M,M,120000
JM15865,John Murray,1967-09-01,M,M,170000
AF10885,Art Foster,2001-03-03,M,M,70000
SJ20500,Shirley Jackson,1995-09-06,M,F,110000
WB21850,William Brown,1966-12-31,M,F,130000
CC12610,Corey Catlett,1993-03-01,M,F,130000
BE11455,Brad Eason,1980-11-02,M,F,130000
TG21640,Trudy Glocke,1988-11-20,S,M,150000
MS17365,Maribeth Schnelling,1996-06-05,S,M,60000
NP18685,Nora Pelletier,1977-06-13,M,M,60000
RM19675,Robert Marley,1968-08-09,S,F,80000
SN20560,Skye Norling,2001-09-19,S,F,50000
CD12280,Christina DeMoss,1973-03-09,S,M,70000
BG11035,Barry Gonzalez,1976-06-12,M,M,70000
CC12550,Clay Cheatham,1995-06-28,M,M,70000
SV20785,Stewart Visinsky,2003-12-24,M,M,80000
HW14935,Helen Wasserman,1965-08-21,M,M,80000
AS10285,Alejandro Savely,1998-06-12,S,M,90000
LD16855,Lela Donovan,1979-08-19,S,F,90000
NS18505,Neola Schneider,1991-04-24,M,F,100000
CM12715,Craig Molinari,1994-02-03,M,M,110000
JD6060,Julia Dunbar,1971-11-01,M,M,110000
MG17680,Maureen Gastineau,1952-02-19,M,M,80000
DB13210,Dean Braden,1965-01-16,M,M,60000
CS11860,Cari Schnelling,1964-10-07,S,F,60000
GG14650,Greg Guthrie,1961-11-08,S,F,70000
BN11470,Brad Norvell,1955-06-16,S,F,70000
BS1665,Brian Stugart,2003-03-21,S,F,70000
AC10450,Amy Cox,2004-09-18,S,M,70000
CK12205,Chloris Kastensmidt,1998-03-23,S,F,70000
JD16150,Justin Deggeller,1989-08-03,S,F,70000
CC2550,Clay Cheatham,1959-04-16,M,M,60000
MS17830,Melanie Seite,1985-05-26,S,F,40000
SM20950,Suzanne McNair,2004-03-31,S,F,40000
CL12700,Craig Leslie,2005-11-02,M,F,70000
CM12160,Charles McCrossin,1955-11-17,M,F,80000
JC15775,John Castell,1969-08-29,M,M,90000
LH16900,Lena Hernandez,1992-03-23,M,F,90000
DV13045,Darrin Van Huff,1959-05-24,S,M,120000
BT11530,Bradley Talbott,2000-08-30,M,M,90000
BM1650,Brian Moss,1975-12-20,S,M,90000
MG18205,Mitch Gastineau,1965-04-24,M,M,130000
RB19705,Roger Barcio,1991-07-15,M,M,90000
FC14245,Frank Carlisle,1960-10-05,M,M,90000
TT21220,Thomas Thornton,1960-11-25,S,M,90000
SJ20215,Sarah Jordon,1984-01-23,M,M,110000
PB18805,Patrick Bzostek,1975-12-12,M,F,90000
RW19690,Robert Waldorf,1980-07-23,S,F,10000
DB3360,Dennis Bolton,1956-06-28,M,F,20000
DK13150,David Kendrick,1993-01-14,M,F,10000
RW9540,Rick Wilson,1993-10-27,M,F,10000
MP17470,Mark Packer,1998-11-28,M,M,20000
TB21625,Trudy Brown,1984-09-13,M,M,10000
MO17800,Meg O'Connel,1961-05-11,M,M,20000
MR17545,Mathew Reese,1987-10-12,S,M,20000
LC17050,Liz Carlisle,1975-09-09,M,F,10000
RA19885,Ruben Ausman,1980-03-22,M,M,20000
MG8145,Mike Gockenbach,1968-12-18,M,M,30000
JE16165,Justin Ellison,1983-08-26,M,M,10000
JK16090,Juliana Krohn,1982-11-08,M,F,10000
EM13960,Eric Murdock,1951-05-27,S,F,10000
DJ13420,Denny Joy,1991-03-27,S,F,10000
BO11425,Bobby Odegard,1983-11-04,M,M,10000
LW17215,Luke Weiss,1960-04-10,M,M,10000
PJ19015,Pauline Johnson,1993-08-24,M,F,10000
KM16720,Kunst Miller,1996-10-05,M,F,30000
BG11695,Brooke Gillingham,1980-08-15,S,F,20000
CS12130,Chad Sievert,1988-02-29,M,M,10000
MC17425,Mark Cousins,1962-01-03,S,F,30000
BD1635,Brian Derr,1958-07-29,M,F,20000
RF19345,Randy Ferguson,1952-05-02,M,M,40000
MG7680,Maureen Gastineau,1952-04-30,S,M,10000
KH16690,Kristen Hastings,1962-05-23,S,M,10000
CC12475,Cindy Chapman,2004-07-26,S,F,10000
LT16765,Larry Tron,1967-07-16,S,M,10000
BF10975,Barbara Fisher,1962-03-16,S,M,10000
CJ12010,Caroline Jumper,1952-08-21,M,F,10000
SH9975,Sally Hughsby,1999-08-13,M,M,10000
SL20155,Sara Luxemburg,1981-06-16,S,M,10000
NC8340,Nat Carroll,1974-03-31,S,F,10000
JB5400,Jennifer Braxton,1969-04-25,S,F,10000
TB21250,Tim Brockman,1979-05-09,M,F,20000
PS18970,Paul Stevenson,1967-10-17,M,M,20000
BB11545,Brenda Bowman,2005-10-27,S,M,10000
SG10470,Sheri Gordon,1996-01-22,M,F,20000
SP20920,Susan Pistek,1979-10-19,M,F,20000
Dp13240,Dean percer,1962-11-30,M,F,20000
GZ14470,Gary Zandusky,1960-09-27,S,F,20000
AH10075,Adam Hart,1955-07-14,M,F,30000
CB2025,Cassandra Brandow,1977-04-22,S,M,30000
SC20050,Sample Company A,2002-05-02,M,M,30000
SC10230,Scot Coram,1968-03-21,S,M,40000
JS15595,Jill Stevenson,1975-05-23,M,M,30000
BS11380,Bill Stewart,1961-07-26,S,F,10000
JL5130,Jack Lebron,1990-01-18,M,M,10000
AS10090,Adam Shillingsburg,1963-10-13,S,M,20000
EL13735,Ed Ludwig,2001-01-25,M,F,20000
FH14275,Frank Hawley,1988-04-06,M,M,20000
OT18730,Olvera Toch,2004-03-27,M,F,30000
SM10320,Sean Miller,1980-12-05,M,F,30000
PM19135,Peter McVee,2003-03-01,S,M,30000
TS11430,Tom Stivers,2003-07-20,M,F,30000
LS17245,Lynn Smith,1994-01-15,S,F,40000
SF20200,Sarah Foster,1992-05-21,M,M,40000
CM11815,Candace McMahon,1977-02-14,S,M,10000
FG14260,Frank Gastineau,1950-05-10,S,F,10000
KN6705,Kristina Nunn,1969-01-28,S,F,10000
TB11520,Tracy Blumstein,1999-05-30,S,M,10000
JB15400,Jennifer Braxton,1985-03-27,S,M,10000
KH16510,Keith Herrera,1972-12-20,S,M,10000
DL13330,Denise Leinenbach,1979-08-30,S,F,30000
KN16390,Katherine Nockton,1965-10-07,M,M,10000
SV20935,Susan Vittorini,1975-04-19,S,F,20000
MD17860,Michael Dominguez,1963-03-13,S,M,30000
LS17200,Luke Schmidt,1971-03-28,S,F,30000
CM12445,Chuck Magee,1953-05-07,S,M,40000
SS20140,Saphhira Shifley,1955-05-17,M,F,40000
GH14425,Gary Hwang,1966-02-26,M,F,40000
SM20320,Sean Miller,1952-12-20,S,F,40000
GR14560,Georgia Rosenberg,1993-07-06,S,F,10000
TS21370,Todd Sumrall,1986-04-22,S,F,10000
DH3675,Duane Huffman,1976-08-14,M,F,20000
MM8280,Muhammed MacIntyre,1976-07-16,M,M,20000
PM9135,Peter McVee,1974-09-05,M,M,10000
GP4740,Guy Phonely,1988-06-29,S,F,10000
AF10870,Art Ferguson,1992-10-26,M,M,20000
TS21505,Tony Sayre,1998-03-07,M,M,80000
BM11575,Brendan Murry,1985-05-03,S,F,80000
AH10030,Aaron Hawkins,2001-09-23,M,F,80000
AG10495,Andrew Gjertsen,1987-10-12,S,M,80000
AG675,Anna Gayman,1974-04-30,S,M,90000
SW20755,Steven Ward,2004-12-29,M,F,60000
SK19990,Sally Knutson,1999-06-25,M,F,70000
AG10900,Arthur Gainer,1989-12-03,S,M,90000
AJ960,Astrea Jones,1970-07-30,M,M,150000
MC7275,Marc Crier,1969-04-24,M,M,100000
ER13855,Elpida Rittenbach,1981-07-06,M,F,110000
EJ13720,Ed Jacobs,1982-05-20,M,M,170000
DH13675,Duane Huffman,1977-07-24,M,F,80000
HE14800,Harold Engle,1964-09-16,M,F,80000
KT16480,Kean Thornton,1992-09-16,M,F,90000
SB20170,Sarah Bern,1983-09-12,M,M,110000
EM14140,Eugene Moren,2000-12-07,M,F,110000
VT21700,Valerie Takahito,1984-03-12,S,F,120000
JS15880,John Stevenson,1986-01-25,M,M,80000
BC11125,Becky Castell,1970-04-06,M,F,90000
NF18595,Nicole Fjeld,1989-11-19,M,M,110000
RH9600,Rob Haberlin,1970-10-12,M,F,80000
CS11950,Carlos Soltero,1995-02-21,M,M,80000
CM12235,Chris McAfee,1959-11-19,M,M,170000
LW16825,Laurel Workman,1963-07-14,S,F,100000
RD19585,Rob Dowd,1962-12-22,M,F,160000
BT11680,Brian Thompson,2004-01-20,M,M,90000
MD7860,Michael Dominguez,1964-04-19,M,F,130000
CC12145,Charles Crestani,1979-11-29,M,F,90000
XP21865,Xylona Preis,1980-06-29,M,M,80000
ML17410,Maris LaWare,2000-04-07,M,F,90000
BS11665,Brian Stugart,1962-05-31,M,M,90000
SC20230,Scot Coram,1951-05-17,S,F,60000
QJ19255,Quincy Jones,1950-07-12,M,F,70000
RE19450,Richard Eichhorn,1977-01-02,S,F,70000
CP2085,Cathy Prescott,1961-01-14,S,F,70000
JK5730,Joe Kamberova,1965-06-22,M,F,70000
HZ14950,Henia Zydlo,1968-06-20,S,M,80000
AR10570,Anemone Ratner,1981-06-29,M,M,80000
EH14005,Erica Hernandez,1976-03-02,S,M,130000
JR15700,Jocasta Rupert,1965-01-16,S,M,70000
PL18925,Paul Lucas,1957-12-03,S,F,80000
TC21145,Theresa Coyne,1968-06-18,S,M,80000
DG13300,Deirdre Greer,1963-06-18,S,F,80000
Dl13600,Dorris liebe,2001-12-13,M,M,100000
NC18415,Nathan Cano,1971-05-11,M,M,120000
EB13930,Eric Barreto,1997-02-06,M,F,90000
CP12085,Cathy Prescott,1978-01-17,M,F,100000
SM20005,Sally Matthias,1951-10-22,S,F,80000
JR15670,Jim Radford,1968-04-11,S,M,90000
DL12925,Daniel Lacy,1955-01-28,S,M,90000
FM14290,Frank Merwin,2000-06-02,M,F,110000
DP13165,David Philippe,1971-06-27,M,F,110000
CK12595,Clytie Kelty,1987-01-18,M,M,90000
CM11830,Cari MacIntyre,1980-05-06,M,M,90000
PP18955,Paul Prost,2002-05-20,M,M,150000
MM17260,Magdelene Morse,1995-04-20,M,M,170000
ME17320,Maria Etezadi,1961-02-27,M,F,40000
CS12490,Cindy Schnelling,1989-09-26,S,M,10000
GH14410,Gary Hansen,1965-06-26,S,M,20000
MC17635,Matthew Clasen,1965-05-21,S,F,30000
LM7065,Liz MacKendrick,1962-06-29,S,M,60000
AR10510,Andrew Roberts,1962-04-23,S,F,20000
JH15910,Jonathan Howell,2001-11-04,S,M,20000
DK3375,Dennis Kane,1999-09-09,S,M,30000
EG13900,Emily Grady,1987-01-10,M,F,40000
AS10630,Ann Steele,1965-08-28,S,M,30000
CL11890,Carl Ludwig,1953-08-18,S,M,30000
CA12265,Christina Anderson,1952-07-13,M,M,40000
PF19165,Philip Fox,1954-04-11,M,F,40000
DB12970,Darren Budd,1951-07-25,M,F,40000
CL12565,Clay Ludtke,1989-07-25,S,F,30000
MF17665,Maureen Fritzler,1951-10-18,M,M,40000
IM15055,Ionia McGrath,2005-08-22,S,M,40000
EB13975,Erica Bern,1957-12-25,M,M,40000
AA10315,Alex Avila,1981-04-11,S,F,10000
MV17485,Mark Van Huff,1989-03-22,S,F,10000
JW15955,Joni Wasserman,1953-09-18,S,M,20000
TS21610,Troy Staebel,1976-12-06,S,F,20000
MC17575,Matt Collins,1993-12-03,S,M,20000
JF5415,Jennifer Ferguson,1956-01-05,M,M,20000
AH10210,Alan Hwang,1985-06-16,S,M,30000
KD16345,Katherine Ducich,2005-06-18,S,F,40000
PG18895,Paul Gonzalez,1996-11-13,S,M,40000
HK14890,Heather Kirkland,1980-01-04,S,M,40000
RR19315,Ralph Ritter,1996-07-06,S,M,40000
HH5010,Hilary Holden,1955-10-10,S,F,40000
SH20635,Stefanie Holloman,1961-08-03,S,M,40000
AR10825,Anthony Rawles,1954-05-23,S,M,40000
RP9855,Roy Phan,1956-08-25,S,F,40000
LR17035,Lisa Ryan,1965-06-08,S,F,40000
IM5055,Ionia McGrath,1976-09-09,S,M,40000
CK12325,Christine Kargatis,1992-04-30,M,M,50000
AS285,Alejandro Savely,1994-06-23,M,F,40000
DK12985,Darren Koutras,1955-01-04,S,F,60000
EH4185,Evan Henry,1979-11-14,S,M,60000
ML17395,Marina Lichtenstein,1957-03-01,S,F,60000
BF11215,Benjamin Farhat,1987-10-13,S,F,60000
MB7305,Maria Bertelson,1985-07-30,M,F,30000
CR12580,Clay Rozendal,1968-09-26,M,M,30000
TB21520,Tracy Blumstein,1997-03-09,M,M,30000
KN16450,Kean Nguyen,1972-06-23,S,F,20000
HR14770,Hallie Redmond,1976-02-16,S,F,20000
CK12760,Cyma Kinney,1997-12-31,M,M,30000
RO9780,Rose O'Brian,1990-12-06,M,F,30000
EN13780,Edward Nazzal,1966-11-10,M,F,30000
AH10465,Amy Hunt,1985-08-17,M,F,40000
AH10585,Angele Hood,2004-01-29,M,M,40000
RB9435,Richard Bierner,1977-02-13,M,M,40000
AG525,Andy Gerbode,1963-01-24,M,F,40000
AR10345,Alex Russell,1953-01-31,M,F,40000
MW8220,Mitch Webber,1998-07-07,M,M,80000
AH210,Alan Hwang,1997-03-08,M,M,40000
TH21235,Tiffany House,1983-09-10,M,F,40000
LT7110,Liz Thompson,2002-06-03,M,F,40000
HD14785,Harold Dahlen,1968-09-26,M,F,40000
MC7575,Matt Collins,1975-02-15,M,F,40000
MH18025,Michelle Huthwaite,1964-05-30,M,F,40000
CC2475,Cindy Chapman,1992-02-29,M,M,40000
CM12190,Charlotte Melton,1988-05-08,M,M,40000
RA19915,Russell Applegate,2002-09-15,M,F,40000
MT18070,Michelle Tran,1983-11-11,M,F,40000
JF15415,Jennifer Ferguson,1992-07-22,M,F,40000
ES14020,Erica Smith,1980-06-03,S,M,60000
CC12685,Craig Carroll,1965-11-18,M,M,60000
IM15070,Irene Maddox,1981-11-08,M,M,60000
DA13450,Dianna Arnett,1977-11-24,M,M,60000
SS10410,Shahid Shariari,1959-04-27,S,F,60000
BM11650,Brian Moss,1975-12-05,M,M,60000
SW20350,Sean Wendt,1976-11-22,S,M,60000
CM1830,Cari MacIntyre,1958-03-16,S,M,60000
MY17380,Maribeth Yedwab,1992-09-06,S,M,20000
MS7830,Melanie Seite,1996-06-23,M,F,20000
HG14965,Henry Goldwyn,1953-02-20,M,M,30000
DC13285,Debra Catini,1995-10-23,M,M,30000
DL13315,Delfina Latchford,1967-08-09,M,F,30000
JK15370,Jay Kimmel,1967-06-15,M,F,40000
CH2070,Cathy Hwang,1989-12-15,S,M,40000
MH7440,Mark Haberlin,1950-07-09,M,F,40000
MC17845,Michael Chen,1976-10-04,S,F,40000
PW19030,Pauline Webber,1995-02-23,S,M,10000
BS11590,Brendan Sweed,1953-09-20,S,M,20000
DO13435,Denny Ordway,2003-02-16,M,F,20000
SG20890,Susan Gilcrest,1969-12-23,S,F,10000
SU20665,Stephanie Ulpright,1976-07-19,M,F,40000
JC16105,Julie Creighton,1957-03-21,M,M,20000
TB21190,Thomas Brumley,1983-11-06,S,F,30000
SV10785,Stewart Visinsky,1986-03-19,S,M,30000
VP21760,Victoria Pisteka,1967-04-09,S,M,30000
LR16915,Lena Radford,1992-01-10,S,F,30000
TH21550,Tracy Hopkins,1978-06-13,S,F,10000
TC11145,Theresa Coyne,1989-11-23,M,M,20000
JL15235,Janet Lee,2000-12-09,S,M,20000
RK19300,Ralph Kennedy,1952-01-17,S,M,20000
CC12670,Craig Carreira,1969-04-24,S,M,20000
DB13555,Dorothy Badders,1976-01-11,M,F,40000
SG20605,Speros Goranitis,1965-06-06,M,F,40000
MG17890,Michael Granlund,2003-02-01,S,F,20000
MA17560,Matt Abelman,1995-01-21,M,M,30000
CB12025,Cassandra Brandow,1962-06-13,M,F,30000
DH13075,Dave Hallsten,1957-08-04,M,M,30000
BT11395,Bill Tyler,1956-07-27,M,M,30000
TT11265,Tim Taslimi,1971-08-28,S,F,20000
TH11235,Tiffany House,1988-12-15,S,F,20000
VG21790,Vivek Gonzalez,1954-08-01,S,M,20000
NW18400,Natalie Webber,1962-07-01,M,M,30000
VP21730,Victor Preis,1961-05-12,M,F,30000
SS20410,Shahid Shariari,1971-04-12,S,F,10000
JE15715,Joe Elijah,1980-09-19,S,M,20000
AG270,Alejandro Grove,1966-01-10,M,M,30000
BW11200,Ben Wallace,1966-02-28,M,F,40000
EK13795,Eileen Kiefer,1951-08-26,S,F,30000
SG20080,Sandra Glassco,1957-12-08,S,F,30000
SC10725,Steven Cartwright,1959-11-26,M,M,40000
AG10525,Andy Gerbode,1987-12-12,M,F,40000
MG18145,Mike Gockenbach,1975-12-23,M,M,40000
BD11605,Brian Dahlen,1982-05-11,S,M,30000
PB19105,Peter Bühler,1950-05-11,M,F,30000
SC20575,Sonia Cooley,1979-11-26,M,F,40000
DO3435,Denny Ordway,1999-07-11,S,F,30000
CC12220,Chris Cortes,1996-07-08,S,F,30000
TS21430,Tom Stivers,1955-08-30,S,M,20000
AZ10750,Annie Zypern,1954-08-10,S,M,20000
IG15085,Ivan Gibson,1983-05-28,S,M,20000
SP20860,Sung Pak,1987-07-03,S,M,20000
KM16225,Kalyca Meade,1980-01-17,M,M,40000
KM6720,Kunst Miller,1956-06-19,S,F,30000
MM18055,Michelle Moray,1976-07-18,S,F,30000
RB19360,Raymond Buch,1982-08-28,S,F,20000
NC8415,Nathan Cano,1984-07-29,S,F,30000
SN20710,Steve Nguyen,1983-11-30,S,M,30000
DL3330,Denise Leinenbach,1981-02-21,S,M,30000
JG15115,Jack Garza,2003-10-24,S,M,30000
CJ11875,Carl Jackson,1981-06-10,S,M,30000
AY10555,Andy Yotov,2004-09-14,S,F,20000
BV11245,Benjamin Venier,1982-12-02,S,F,10000
PO9195,Phillina Ober,1955-11-04,S,M,20000
GZ4545,George Zrebassa,1974-12-05,S,M,20000
PN18775,Parhena Norris,1969-11-28,S,M,30000
SC20800,Stuart Calhoun,1990-12-05,S,M,30000
AC10615,Ann Chong,1998-01-07,M,M,20000
VB21745,Victoria Brennan,1956-09-30,S,M,20000
TT11460,Tonja Turnell,2000-05-26,S,F,30000
AC10420,Alyssa Crouse,1955-05-18,S,F,30000
CG12040,Catherine Glotzbach,1978-04-22,M,M,40000
TR11325,Toby Ritter,1977-10-03,M,F,40000
SC20440,Shaun Chance,1986-12-29,S,M,60000
BT11305,Beth Thompson,1981-08-21,M,M,60000
JB15925,Joni Blumstein,1978-09-05,S,F,50000
GW14605,Giulietta Weimer,1955-12-21,S,F,50000
SC20725,Steven Cartwright,1951-01-08,S,F,50000
EH13765,Edward Hooks,1993-07-21,M,M,50000
YS21880,Yana Sorensen,1951-03-20,S,F,50000
FO14305,Frank Olsen,1977-09-25,S,M,50000
RP19855,Roy Phan,1969-09-27,M,M,50000
AB10600,Ann Blume,1996-04-17,M,F,50000
KB16240,Karen Bern,2005-07-01,M,M,60000
KA16525,Kelly Andreada,1973-03-12,S,F,40000
EM3960,Eric Murdock,1980-07-13,S,M,40000
JD15790,John Dryer,1995-01-16,M,F,60000
JL15850,John Lucas,1988-04-09,M,M,60000
JW16075,Julia West,1991-06-22,M,F,60000
LL6840,Lauren Leatherbury,1974-01-20,M,M,40000
TH21100,Thea Hendricks,1994-02-09,M,M,60000
MC17275,Marc Crier,1987-03-28,M,M,60000
NG8430,Nathan Gelder,1977-01-12,S,F,60000
KD16615,Ken Dana,1972-10-18,M,F,70000
MC17605,Matt Connell,1984-11-16,M,M,70000
JK15625,Jim Karlsson,1973-09-26,M,F,70000
TS11505,Tony Sayre,1992-12-24,M,F,50000
LD6855,Lela Donovan,1979-09-08,M,M,50000
LP17080,Liz Pelletier,1967-07-31,M,F,50000
CV12805,Cynthia Voltz,1978-07-06,M,F,50000
MO17500,Mary O'Rourke,1992-05-08,S,M,40000
MS17530,MaryBeth Skach,1996-12-13,S,F,40000
GA14515,George Ashbrook,2002-10-19,S,F,40000
CS12355,Christine Sundaresam,1988-12-14,S,M,40000
GM14500,Gene McClure,1958-03-07,S,M,60000
CC2670,Craig Carreira,1996-11-19,M,M,60000
MN17935,Michael Nguyen,1993-09-16,M,M,60000
JM16195,Justin MacKendrick,1995-07-29,M,F,60000
DB13615,Doug Bickford,1958-08-22,M,M,60000
PK18910,Paul Knutson,1990-12-30,S,F,60000
LS16945,Linda Southworth,1997-12-03,M,F,60000
JK15730,Joe Kamberova,1966-09-21,S,F,70000
SW10275,Scott Williamson,1972-11-25,M,F,70000
MC18100,Mick Crebagga,1989-11-27,M,F,70000
EH13945,Eric Hoffmann,1997-05-08,M,M,60000
LC16930,Linda Cazamias,1952-12-25,S,M,60000
MA17995,Michelle Arnett,1954-07-04,M,F,60000
SP20650,Stephanie Phelps,1959-12-03,S,M,60000
JH15430,Jennifer Halladay,2005-12-15,S,M,60000
ML17755,Max Ludwig,1961-12-11,M,M,70000
PC18745,Pamela Coakley,1952-04-14,S,F,70000
KE16420,Katrina Edelman,1957-03-30,M,F,70000
EM4200,Evan Minnotte,1988-12-04,M,M,80000
DW13480,Dianna Wilson,1985-05-03,M,M,70000
SC10680,Steve Carroll,1987-03-18,S,F,70000
JG15805,John Grady,1988-08-02,S,F,70000
LL16840,Lauren Leatherbury,1953-11-29,S,F,70000
PV8985,Paul Van Hugh,1972-05-08,S,F,60000
PO19180,Philisse Overcash,1979-09-23,M,M,60000
SH19975,Sally Hughsby,1956-03-18,S,F,60000
GA14725,Guy Armstrong,1959-08-25,M,F,60000
GT4755,Guy Thornton,1958-09-02,S,M,70000
PR18880,Patrick Ryan,1984-09-09,M,M,80000
AG10765,Anthony Garverick,1958-08-17,S,M,60000
SE20110,Sanjit Engle,1989-07-26,M,M,70000
JB16045,Julia Barnett,1979-10-03,M,M,70000
JM5580,Jill Matthias,1980-10-14,M,F,70000
JO15280,Jas O'Carroll,1956-03-03,M,F,70000
LP17095,Liz Preis,1959-11-04,M,F,70000
EJ14155,Eva Jacobs,1968-09-24,M,M,80000
VW21775,Victoria Wilson,1998-12-18,S,M,40000
GM14455,Gary Mitchum,1952-04-03,M,M,40000
BF1080,Bart Folk,1961-09-08,S,M,40000
SM20905,Susan MacKendrick,1993-07-13,S,M,40000
BO1425,Bobby Odegard,1951-09-21,S,F,80000
AW10930,Arthur Wiediger,1970-02-25,M,M,80000
JP15460,Jennifer Patt,1966-10-27,M,F,60000
AS10240,Alan Shonely,2002-05-29,S,F,40000
TB11625,Trudy Brown,1982-02-21,M,M,40000
JP5520,Jeremy Pistek,1955-01-25,S,F,50000
BD11770,Bryan Davis,1998-11-19,M,M,50000
BD11635,Brian Derr,1990-04-13,M,M,50000
CC2370,Christopher Conant,1980-02-07,S,F,50000
PO8850,Patrick O'Brill,1981-08-11,M,M,50000
TZ21445,Tom Zandusky,1954-01-05,M,M,50000
RB19435,Richard Bierner,2005-05-26,S,M,60000
JE15475,Jeremy Ellison,1980-01-14,S,M,60000
AI10855,Arianne Irving,1984-02-11,M,M,60000
MH17440,Mark Haberlin,1995-09-07,S,F,60000
JE6165,Justin Ellison,2002-09-11,S,F,60000
DS13180,David Smith,1991-02-06,S,M,60000
AC10660,Anna Chung,1967-08-16,S,F,60000
MH17455,Mark Hamilton,1953-10-27,M,M,60000
CC12430,Chuck Clark,1950-11-22,S,F,60000
NG18355,Nat Gilpin,1983-07-25,S,F,60000
RC19825,Roy Collins,1971-07-27,S,F,60000
JD16015,Joy Daniels,1988-03-16,M,F,40000
JH5910,Jonathan Howell,1959-02-02,S,M,70000
SC10695,Steve Chapman,1985-07-31,M,F,70000
RD9930,Russell D'Ascenzo,1963-06-03,M,M,70000
LC6930,Linda Cazamias,1972-07-22,M,F,70000
DW13195,David Wiener,1986-03-12,M,F,70000
RD19900,Ruben Dartt,1984-05-20,S,M,40000
MV18190,Mike Vittorini,1987-01-30,M,M,60000
RD19480,Rick Duston,1979-08-28,M,F,60000
SV20365,Seth Vernon,1952-10-17,M,M,40000
LS17230,Lycoris Saunders,1999-08-24,M,F,40000
GD14590,Giulietta Dortch,1973-01-03,M,F,40000
EB13750,Edward Becker,1972-01-06,M,M,60000
KH6360,Katherine Hughes,1968-02-12,S,M,70000
BF11275,Beth Fritzler,1993-05-12,S,M,70000
NG18430,Nathan Gelder,1990-10-24,S,M,70000
Co12640,CoreyLock,1970-08-07,S,M,70000
SF20965,Sylvia Foulston,1972-02-12,S,M,60000
KB16405,Katrina Bavinger,1985-04-09,M,M,60000
LC16870,Lena Cacioppo,1969-11-14,M,M,60000
JL15505,Jeremy Lonsdale,1983-04-17,M,F,60000
BD11725,Bruce Degenhardt,1974-07-04,M,F,60000
TM21010,Tamara Manning,1994-05-13,M,M,60000
AB150,Aimee Bixby,1981-05-24,M,F,60000
BW11065,Barry Weirich,1991-10-31,M,M,60000
FM14380,Fred McMath,1958-07-13,M,F,60000
PC8745,Pamela Coakley,1972-04-16,M,M,60000
BN1470,Brad Norvell,1984-09-30,M,F,60000
AH10120,Adrian Hane,1973-11-15,M,M,60000
LF17185,Luke Foster,1956-05-09,M,M,70000
DJ13630,Doug Jacobs,1990-09-28,M,F,70000
SJ20125,Sanjit Jacobs,1975-03-09,M,F,80000
ML18265,Muhammed Lee,1967-10-07,S,M,60000
SF10965,Sylvia Foulston,1952-12-19,M,M,60000
PO8865,Patrick O'Donnell,1987-08-25,M,F,60000
MH17290,Marc Harrigan,1970-11-11,M,F,60000
NR18550,Nick Radford,1975-06-29,S,M,60000
MK17905,Michael Kennedy,1973-09-16,M,F,70000
DB13660,Duane Benoit,1975-08-05,M,M,70000
PH18790,Patricia Hirasaki,1968-02-19,M,M,80000
AB10165,Alan Barnes,2003-06-02,M,F,60000
CA12055,Cathy Armstrong,1968-03-09,M,F,80000
JF5295,Jason Fortune,1960-12-18,M,F,80000
KT16465,Kean Takahito,1967-09-25,M,F,80000
RB9705,Roger Barcio,1964-08-17,M,F,90000
BD1725,Bruce Degenhardt,1984-03-27,M,M,60000
EB13705,Ed Braxton,1965-01-14,S,F,60000
MG17875,Michael Grace,1960-07-11,M,M,70000
MG17650,Matthew Grinstein,1951-02-18,M,M,70000
AG10270,Alejandro Grove,1960-09-18,M,F,110000
NP8685,Nora Pelletier,1998-05-04,M,F,70000
AS630,Ann Steele,1960-11-04,S,M,70000
SC20680,Steve Carroll,1998-05-22,M,M,70000
MC17590,Matt Collister,1960-08-31,M,M,80000
TP11415,Tom Prescott,1971-08-04,S,F,80000
HH15010,Hilary Holden,1989-02-11,M,M,80000
BT11485,Brad Thomas,1984-09-19,S,F,90000
EB13870,Emily Burns,1967-10-18,S,F,90000
JP15520,Jeremy Pistek,1962-02-03,M,M,90000
CM2115,Chad McGuire,1974-03-04,S,F,50000
EA14035,Erin Ashbrook,1954-11-11,S,M,50000
FH14350,Fred Harton,1967-03-16,S,M,50000
BS1800,Bryan Spruell,1955-01-15,M,M,50000
AA10375,Allen Armold,1962-10-01,S,M,50000
BN11515,Bradley Nguyen,1993-11-11,M,F,50000
EG3900,Emily Grady,1998-05-06,S,F,50000
RE19405,Ricardo Emerson,1976-04-06,M,M,50000
ND18460,Neil Ducich,1954-04-21,S,F,40000
TT21460,Tonja Turnell,1975-04-09,S,F,60000
ML18040,Michelle Lonsdale,1988-09-27,S,F,60000
JL5505,Jeremy Lonsdale,1975-04-12,S,F,60000
SP20545,Sibella Parks,1987-02-03,M,M,60000
SF10065,Sandra Flanagan,1971-04-03,M,F,60000
AS10045,Aaron Smayling,1961-03-09,M,F,60000
TT11220,Thomas Thornton,1991-10-11,M,M,40000
AH10195,Alan Haines,2002-12-30,M,M,40000
KH6630,Ken Heidel,1978-05-08,S,M,60000
AA10645,Anna Andreadi,1964-09-05,M,M,60000
JL15130,Jack Lebron,1979-11-06,S,F,70000
KM6375,Katherine Murray,1956-01-30,M,F,50000
LS16975,Lindsay Shagiari,1966-06-29,M,M,50000
KL16645,Ken Lonsdale,1974-03-29,M,M,60000
EH14185,Evan Henry,1981-09-30,M,F,40000
KW6570,Kelly Williams,1950-05-23,M,M,40000
DB3060,Dave Brooks,2005-10-08,S,F,40000
FA14230,Frank Atkinson,1966-09-26,S,F,40000
JF15565,Jill Fjeld,1968-03-18,S,F,40000
LO7170,Lori Olson,1983-08-26,S,M,40000
KB6315,Karl Braun,1997-10-18,M,M,40000
BS11755,Bruce Stewart,1990-01-30,M,M,40000
RB19465,Rick Bensley,1977-11-20,M,F,60000
HF14995,Herbert Flentye,1964-10-21,M,M,60000
MP17965,Michael Paige,1984-12-17,M,F,60000
JJ15445,Jennifer Jackson,1992-05-27,S,F,60000
LC17140,Logan Currie,1970-12-11,M,F,60000
TT11070,Ted Trevino,1990-07-03,M,M,70000
BF11020,Barry Französisch,1969-11-09,M,F,70000
ES14080,Erin Smith,1996-11-11,M,M,70000
FC14335,Fred Chung,1986-09-21,M,M,60000
TS21160,Theresa Swint,2000-03-17,M,M,60000
RE9450,Richard Eichhorn,1986-12-22,S,M,40000
JC15340,Jasper Cacioppo,1981-02-28,S,F,40000
MH17785,Maya Herman,1983-08-15,M,M,40000
RF19840,Roy Französisch,1962-05-31,M,F,40000
PG18820,Patrick Gardner,1994-11-02,M,M,60000
DO13645,Doug O'Connell,1980-12-11,M,F,70000
SC10305,Sean Christensen,1996-01-21,M,M,70000
TN21040,Tanja Norvell,1977-03-25,S,F,70000
DR12880,Dan Reichenbach,1990-03-27,M,M,70000
EB3975,Erica Bern,1973-03-13,M,M,70000
NS8505,Neola Schneider,2001-08-02,M,F,60000
SF20065,Sandra Flanagan,1966-12-27,M,M,60000
RA19285,Ralph Arnett,2000-02-01,M,F,60000
LT17110,Liz Thompson,1990-01-07,M,F,70000
BF11170,Ben Ferrer,1970-11-27,M,F,70000
AR825,Anthony Rawles,1991-11-10,S,F,70000
SD20485,Shirley Daniels,2001-01-02,M,F,70000
GW4605,Giulietta Weimer,1995-04-11,M,F,60000
DB13120,David Bremer,1969-07-08,M,F,70000
JC5775,John Castell,1978-02-23,M,F,70000
ND8460,Neil Ducich,1978-09-20,M,F,80000
TC11295,Toby Carlisle,2001-03-18,M,M,80000
DM2955,Dario Medina,1991-11-03,S,F,40000
PJ9015,Pauline Johnson,1979-12-17,M,M,80000
JH5820,John Huston,2003-12-27,S,M,80000
ME18010,Michelle Ellison,1972-11-29,S,M,80000
AH10690,Anna Häberlin,2004-03-01,M,M,80000
RD19660,Robert Dilbeck,1963-04-26,S,F,80000
CD1980,Carol Darley,1955-12-11,S,M,80000
CL2565,Clay Ludtke,1972-02-27,S,M,60000
MO7800,Meg O'Connel,1994-06-04,M,M,60000
CR2580,Clay Rozendal,1978-12-31,M,M,40000
TC10980,Tamara Chand,1992-03-12,S,M,50000
RD9900,Ruben Dartt,1965-05-10,S,F,50000
CS12250,Chris Selesnick,1954-11-12,S,F,50000
CH12070,Cathy Hwang,1983-08-03,S,F,30000
JF15355,Jay Fein,1980-06-18,S,F,50000
AS135,Adrian Shami,1958-08-16,S,F,50000
SP20620,Stefania Perrino,1970-10-02,M,M,50000
EC14050,Erin Creighton,1951-12-28,S,F,50000
IG5085,Ivan Gibson,1966-10-16,S,F,50000
TB21355,Todd Boyes,1962-01-21,S,F,60000
MH17620,Matt Hagelstein,1979-10-25,S,M,60000
GT14755,Guy Thornton,2001-04-10,S,F,60000
DF13135,David Flashing,1984-09-18,S,M,60000
AS240,Alan Shonely,1976-08-01,M,M,60000
PG8820,Patrick Gardner,1999-08-11,M,M,60000
JS6030,Joy Smith,1952-09-15,S,F,60000
SS20590,Sonia Sunley,2005-05-22,M,M,40000
CS2490,Cindy Schnelling,1959-06-04,M,M,70000
CM2715,Craig Molinari,1978-08-02,M,F,70000
BM1140,Becky Martin,2004-02-27,M,F,70000
RD19720,Roger Demir,1996-03-27,S,F,40000
LD17005,Lisa DeCherney,1981-08-31,M,F,60000
EB3705,Ed Braxton,1981-04-25,M,F,60000
RH19555,Ritsa Hightower,1960-08-25,M,F,60000
JP6135,Julie Prescott,1969-08-09,M,M,60000
PB9210,Phillip Breyer,1999-12-08,M,M,40000
LC16960,Lindsay Castell,1984-11-18,S,F,70000
JC15385,Jenna Caffey,1981-11-28,S,F,70000
IL15100,Ivan Liston,1974-10-24,S,F,70000
SW10245,Scot Wooten,1950-07-07,S,M,70000
CP2340,Christine Phan,2001-12-05,S,F,60000
NS18640,Noel Staavos,1984-12-01,M,M,60000
TR21325,Toby Ritter,1970-03-19,S,M,60000
NF8385,Natalie Fritzler,1973-07-28,M,M,60000
TZ21580,Tracy Zic,1980-03-18,M,F,60000
TB11055,Ted Butterfield,1955-12-07,M,F,60000
AJ10795,Anthony Johnson,1956-02-13,M,F,60000
GH14485,Gene Hale,1951-03-24,M,M,60000
AG10300,Aleksandra Gannaway,1986-05-20,M,F,60000
EH3945,Eric Hoffmann,1972-02-28,M,M,60000
JD6150,Justin Deggeller,1989-10-08,M,M,60000
KH16360,Katherine Hughes,1983-01-01,M,F,70000
JB6045,Julia Barnett,2003-09-30,M,F,80000
AH585,Angele Hood,1956-12-14,M,M,80000
MS7530,MaryBeth Skach,1964-02-02,M,F,60000
HA14905,Helen Abelman,1966-08-04,M,M,60000
JG15310,Jason Gross,1985-07-01,M,M,60000
CD1920,Carlos Daly,1994-02-10,S,M,60000
TC21535,Tracy Collins,1974-04-16,M,F,70000
PB9105,Peter Bühler,1963-12-03,M,F,70000
AR10405,Allen Rosenblatt,1971-03-13,M,M,90000
NK18490,Neil Knudson,1954-01-28,M,M,90000
MG7695,Maureen Gnade,1982-04-08,M,F,100000
AJ10945,Ashley Jarboe,1957-07-01,M,M,100000
RS19420,Ricardo Sperren,2005-10-05,M,M,100000
SC20770,Stewart Carmichael,1961-06-29,S,M,60000
LM17065,Liz MacKendrick,1983-08-06,M,F,80000
DP13000,Darren Powers,1981-09-19,S,F,80000
RD9660,Robert Dilbeck,1971-05-23,S,M,90000
LB16735,Larry Blacks,1994-06-21,S,F,60000
MZ17515,Mary Zewe,1978-09-16,M,M,70000
ER3855,Elpida Rittenbach,1967-02-01,S,F,110000
MS17710,Maurice Satty,1976-10-21,S,F,110000
LC6960,Lindsay Castell,1958-11-26,S,M,110000
GZ14545,George Zrebassa,1951-07-27,M,F,80000
JK5625,Jim Karlsson,1959-08-26,S,F,80000
JJ15760,Joel Jenkins,1981-06-04,S,M,80000
CA2265,Christina Anderson,1994-05-03,M,F,80000
CC2220,Chris Cortes,1994-04-18,M,F,80000
KL6555,Kelly Lampkin,1982-11-16,M,F,80000
CS2175,Charles Sheldon,1999-03-14,S,F,60000
KL16555,Kelly Lampkin,1980-08-14,M,F,60000
RD9810,Ross DeVincentis,1974-02-27,S,F,70000
AJ945,Ashley Jarboe,1982-04-12,S,M,70000
CC2685,Craig Carroll,1972-02-22,S,M,70000
LO17170,Lori Olson,1983-03-05,S,M,70000
DE13255,Deanra Eno,1987-04-22,M,F,60000
RF9345,Randy Ferguson,1957-08-12,M,M,60000
SC20020,Sam Craven,1987-03-11,S,F,60000
DW13585,Dorothy Wardle,1951-11-26,M,M,60000
EM4065,Erin Mull,1955-02-25,S,M,90000
TD20995,Tamara Dahlen,1972-09-13,M,F,60000
BD11320,Bill Donatelli,1973-11-02,S,M,60000
CW11905,Carl Weiss,1991-10-20,S,F,40000
CK2325,Christine Kargatis,1987-05-25,S,M,40000
BP11095,Bart Pistole,1993-09-20,S,F,40000
DV3465,Dianna Vittorini,1952-06-09,M,F,60000
MY7380,Maribeth Yedwab,1958-07-14,S,F,30000
PB9150,Philip Brown,1978-08-15,M,F,20000
AG10390,Allen Goldenen,1981-07-11,S,M,70000
KW16570,Kelly Williams,1985-02-21,M,F,70000
JF5190,Jamie Frazer,2000-12-16,S,M,40000
GB14575,Giulietta Baptist,1982-11-11,S,M,40000
MR7545,Mathew Reese,1955-03-12,S,F,30000
MO17950,Michael Oakman,1999-12-19,M,M,30000
TA11385,Tom Ashbrook,1958-08-30,M,M,30000
JM5655,Jim Mitchum,1989-04-08,M,M,60000
JS5880,John Stevenson,1981-06-09,S,M,60000
HP14815,Harold Pawlan,1974-12-01,M,M,100000
CS12400,Christopher Schild,1997-07-20,S,M,60000
DE3255,Deanra Eno,1983-02-09,M,M,20000
JD6015,Joy Daniels,1961-05-04,M,F,20000
CR2730,Craig Reiter,1971-11-08,S,F,30000
RC9960,Ryan Crowe,1960-10-02,M,M,20000
AO10810,Anthony O'Donnell,2001-06-18,S,F,30000
TB11250,Tim Brockman,1968-12-31,S,F,30000
RA9285,Ralph Arnett,1972-05-30,M,F,30000
MG8205,Mitch Gastineau,1980-08-07,S,F,70000
MY8295,Muhammed Yedwab,1996-12-16,M,F,70000
SR20425,Sharelle Roach,1981-06-21,M,F,40000
BT1530,Bradley Talbott,1974-03-05,S,M,80000
LS7245,Lynn Smith,1998-06-08,S,F,40000
AB10255,Alejandro Ballentine,1967-04-28,M,M,60000
TH21115,Thea Hudgings,1978-05-19,S,M,60000
LC6885,Lena Creighton,1994-09-08,S,F,40000
AC660,Anna Chung,1960-06-07,S,F,60000
EM14095,Eudokia Martin,1969-03-12,S,M,70000
BO11350,Bill Overfelt,1961-02-15,S,F,70000
DM3015,Darrin Martin,1966-06-02,S,F,70000
DD13570,Dorothy Dickinson,1979-07-23,S,F,70000
KN16705,Kristina Nunn,1993-09-16,S,F,60000
HM14980,Henry MacAllister,2003-04-16,M,M,80000
FM4215,Filia McAdams,1951-10-06,S,M,70000
JO15145,Jack O'Briant,1991-07-05,S,F,70000
TC11535,Tracy Collins,2003-05-15,S,M,70000
JK15205,Jamie Kunitz,2003-04-19,S,F,80000
DA3450,Dianna Arnett,2005-08-24,S,F,130000
DB12910,Daniel Byrd,2005-03-29,S,M,130000
EH4005,Erica Hernandez,2004-11-12,S,F,80000
DN13690,Duane Noonan,1987-08-24,S,F,80000
AS10135,Adrian Shami,1976-09-10,M,F,60000
MC18130,Mike Caudle,1958-12-11,S,F,60000
MM18280,Muhammed MacIntyre,1976-02-01,S,M,60000
RL9615,Rob Lucas,1952-07-31,S,F,60000
MA7560,Matt Abelman,1977-08-27,S,F,120000
HG4845,Harry Greene,2000-01-27,M,F,130000
PB8805,Patrick Bzostek,1969-01-20,M,M,130000
RW19630,Rob Williams,1978-11-07,M,M,80000
BT11440,Bobby Trafton,1966-09-12,S,F,60000
JC5385,Jenna Caffey,2004-01-05,S,F,60000
HR4770,Hallie Redmond,1970-12-23,S,F,60000
DB3615,Doug Bickford,2003-05-20,M,F,70000
JK6120,Julie Kriz,1989-11-15,M,M,80000
SW20455,Shaun Weien,1961-02-12,M,F,80000
GH4425,Gary Hwang,1990-05-15,S,M,70000
GB4575,Giulietta Baptist,1962-04-14,M,F,90000
PA19060,Pete Armstrong,1999-07-04,S,F,70000
CA2775,Cynthia Arntzen,1950-10-07,S,F,70000
CV12295,Christina VanderZanden,2000-03-30,S,F,70000
PO9180,Philisse Overcash,1977-10-14,M,M,60000
NC18535,Nick Crebassa,2005-02-16,S,F,60000
GZ4470,Gary Zandusky,1952-09-22,S,F,60000
AM360,Alice McCarthy,1977-03-03,S,F,110000
AA480,Andrew Allen,1995-11-30,M,M,60000
TB21595,Troy Blackwell,1960-03-13,S,F,60000
KH16630,Ken Heidel,1967-06-25,M,F,60000
TS21655,Trudy Schmidt,1996-11-17,M,F,60000
CD11980,Carol Darley,1969-03-06,M,M,60000
DB13360,Dennis Bolton,1992-09-05,S,F,70000
SK9990,Sally Knutson,1981-11-01,S,F,80000
PT19090,Pete Takahito,1956-11-11,S,F,70000
EH13990,Erica Hackney,1987-11-16,S,F,70000
ME17725,Max Engle,1973-06-10,S,M,70000
ZD21925,Zuschuss Donatelli,2000-12-07,M,M,60000
MW8235,Mitch Willingham,1983-04-27,M,M,70000
BP11050,Barry Pond,1955-08-26,M,F,60000
RC19960,Ryan Crowe,1981-02-01,M,F,70000
PN8775,Parhena Norris,1965-03-09,S,F,80000
CB12535,Claudia Bergmann,2003-05-19,M,M,80000
LR7035,Lisa Ryan,1959-12-05,S,F,30000
JG5160,James Galang,1976-03-23,M,F,60000
SC10845,Sung Chung,1951-06-27,S,F,30000
DK13225,Dean Katz,1977-03-10,M,M,10000
CG2520,Claire Gute,1962-03-30,S,M,30000
RS19870,Roy Skaria,1960-05-05,S,F,40000
DK2835,Damala Kotsonis,1965-11-14,M,M,40000
CM2385,Christopher Martinez,1971-11-08,M,M,30000
JE5745,Joel Eaton,1974-05-19,S,F,30000
CA1965,Carol Adams,1967-09-28,M,F,30000
Dl3600,Dorris liebe,1990-06-09,S,F,10000
DL2865,Dan Lawera,1971-03-19,S,M,40000
CM2445,Chuck Magee,1978-05-25,S,M,30000
DB13270,Deborah Brumfield,1963-12-26,S,M,40000
EB4110,Eugene Barchas,1991-10-29,M,M,40000
BD11620,Brian DeCherney,1952-10-02,M,M,40000
MN7935,Michael Nguyen,1997-05-04,M,F,40000
DB2910,Daniel Byrd,1973-03-04,S,F,30000
LH7155,Logan Haushalter,2003-09-11,M,M,30000
JS5940,Joni Sundaresam,1956-09-13,S,F,40000
GH4410,Gary Hansen,2003-05-31,S,M,30000
SC10380,Shahid Collister,1955-11-02,S,M,30000
SL10155,Sara Luxemburg,1988-10-03,S,F,40000
EK3795,Eileen Kiefer,1975-03-04,M,M,40000
PH8790,Patricia Hirasaki,1987-04-08,M,M,40000
HD4785,Harold Dahlen,1981-04-06,M,F,40000
CM2190,Charlotte Melton,1950-12-21,S,F,40000
AR570,Anemone Ratner,1956-09-23,S,M,40000
BT1305,Beth Thompson,2003-01-29,M,M,70000
MH7785,Maya Herman,1963-09-04,M,M,40000
SC10260,Scott Cohen,1966-03-06,M,M,40000
LW7125,Liz Willingham,1970-06-09,M,M,40000
SM10905,Susan MacKendrick,1965-06-24,M,M,40000
TT21265,Tim Taslimi,1970-02-05,S,F,40000
EJ3720,Ed Jacobs,1966-04-20,S,M,40000
RS9765,Roland Schwarz,1960-02-08,S,F,40000
EM4095,Eudokia Martin,1972-10-22,S,F,40000
AJ10960,Astrea Jones,1977-10-04,S,F,70000
BD1770,Bryan Davis,1950-05-01,S,F,80000
BE1410,Bobby Elias,1998-12-31,S,M,110000
KC6255,Karen Carlisle,1996-11-02,S,M,120000
DV3045,Darrin Van Huff,1992-12-09,S,F,120000
JD5895,Jonathan Doherty,1985-05-22,S,M,130000
JM5865,John Murray,2000-04-14,M,M,90000
JK5205,Jamie Kunitz,1993-06-23,M,F,90000
CL2700,Craig Leslie,1969-03-08,M,M,120000
GG4650,Greg Guthrie,1971-10-01,M,F,120000
LS6945,Linda Southworth,1989-12-09,M,F,130000
JL5850,John Lucas,1977-11-23,M,M,130000
VP11760,Victoria Pisteka,1989-09-23,S,M,150000
NF8595,Nicole Fjeld,1990-03-15,M,M,160000
LE16810,Laurel Elliston,2002-07-08,M,M,70000
JJ5445,Jennifer Jackson,1993-05-10,M,M,70000
CS2130,Chad Sievert,1964-01-28,S,M,70000
BM1575,Brendan Murry,1972-05-24,M,M,70000
AC615,Ann Chong,1994-11-27,M,M,70000
HG5025,Hunter Glantz,1961-10-28,S,M,70000
TB11400,Tom Boeckenhauer,1959-06-28,S,F,70000
RB9330,Randy Bradley,1994-05-20,M,M,70000
JP5460,Jennifer Patt,1982-01-22,M,M,70000
JL5175,James Lanier,1975-12-26,M,M,70000
AA315,Alex Avila,1956-09-16,M,M,70000
TS11370,Todd Sumrall,1955-05-01,M,M,70000
SS10140,Saphhira Shifley,1970-11-23,S,F,70000
DP3000,Darren Powers,1959-11-27,S,M,60000
JS5685,Jim Sink,1960-02-05,M,F,70000
PW19240,Pierre Wener,1981-01-16,S,F,70000
NW8400,Natalie Webber,1978-10-21,M,M,60000
TS11340,Toby Swindell,1987-08-19,M,M,60000
JH5985,Joseph Holt,1990-07-07,S,F,60000
NG8355,Nat Gilpin,2004-07-31,S,F,60000
FP14320,Frank Preis,1970-10-08,M,F,70000
SH20395,Shahid Hopkins,1974-08-04,M,F,70000
JP16135,Julie Prescott,1974-03-02,M,M,60000
JM5250,Janet Martin,1981-12-14,M,M,60000
MA7995,Michelle Arnett,1968-07-06,S,F,60000
DR2940,Daniel Raglin,1999-02-21,S,M,70000
BF1020,Barry Französisch,1956-02-06,S,F,70000
CS2400,Christopher Schild,2003-12-05,M,M,70000
JM15535,Jessica Myrick,1985-03-08,M,F,40000
JS15940,Joni Sundaresam,1957-01-03,M,M,40000
AF870,Art Ferguson,2002-06-21,M,M,40000
NP8670,Nora Paige,1987-09-04,M,M,60000
SU10665,Stephanie Ulpright,1989-01-21,M,F,60000
RD9585,Rob Dowd,1966-12-14,M,M,60000
TP21565,Tracy Poddar,1970-04-02,M,F,60000
LA6780,Laura Armstrong,1988-12-17,S,M,60000
LH7020,Lisa Hazard,1966-10-03,S,F,60000
JE5475,Jeremy Ellison,1985-06-09,S,F,60000
ES4080,Erin Smith,1993-10-21,S,M,60000
EM4140,Eugene Moren,1976-12-06,S,M,70000
DS13030,Darrin Sayre,1986-09-04,M,M,70000
ZD11925,Zuschuss Donatelli,1992-02-14,M,F,70000
JO5550,Jesus Ocampo,1967-11-20,M,F,70000
TB11595,Troy Blackwell,1975-02-24,S,F,70000
GM4500,Gene McClure,1952-12-11,M,M,40000
DD3570,Dorothy Dickinson,1990-08-13,M,M,40000
FH4365,Fred Hopkins,2003-07-29,M,M,60000
MK18160,Mike Kennedy,1979-03-12,S,F,60000
NM8445,Nathan Mautz,2005-06-13,M,F,60000
JF5355,Jay Fein,1970-06-09,M,F,60000
BF975,Barbara Fisher,1952-06-26,M,F,70000
SS20875,Sung Shariari,1966-07-08,M,M,70000
PF9165,Philip Fox,2005-03-27,M,M,70000
SV10365,Seth Vernon,1981-04-25,S,F,70000
BB10990,Barry Blumstein,1964-06-21,S,F,70000
PW9240,Pierre Wener,2003-01-25,M,M,60000
JF15490,Jeremy Farry,1972-03-15,M,F,60000
CW1905,Carl Weiss,2004-05-06,M,M,60000
LC7140,Logan Currie,1992-05-18,M,M,60000
HK4890,Heather Kirkland,1984-04-09,S,M,60000
BT1440,Bobby Trafton,1984-12-21,M,F,70000
RD19810,Ross DeVincentis,1953-09-17,M,M,170000
KL6645,Ken Lonsdale,1986-12-13,S,F,110000
VG11805,Vivek Grady,2003-12-12,M,F,130000
PF9225,Phillip Flathmann,2005-10-19,M,F,150000
AB15,Aaron Bergman,1975-01-05,M,F,100000
LW6990,Lindsay Williams,1961-11-05,M,F,120000
PS8970,Paul Stevenson,1983-12-31,M,F,120000
LW17125,Liz Willingham,1998-04-27,S,F,120000
MC7590,Matt Collister,1976-02-06,M,M,90000
JO15550,Jesus Ocampo,1982-02-11,M,F,110000
SJ10125,Sanjit Jacobs,1973-04-03,M,F,130000
SS20515,Shirley Schmidt,1965-12-20,M,M,170000
RB19645,Robert Barroso,2000-09-07,M,M,90000
BP1050,Barry Pond,1998-01-29,M,M,30000
PG8895,Paul Gonzalez,1993-09-18,M,M,90000
RM19750,Roland Murray,1981-11-22,M,M,70000
KM6225,Kalyca Meade,2005-07-09,M,M,70000
AH120,Adrian Hane,1990-09-25,S,M,90000
BM1785,Bryan Mills,1960-07-10,S,F,90000
NR8550,Nick Radford,1952-12-13,S,F,100000
EB14170,Evan Bailliet,1968-03-25,M,M,100000
PB19150,Philip Brown,2003-11-22,M,F,100000
TP11130,Theone Pippenger,1958-05-07,M,M,100000
KN6450,Kean Nguyen,1967-06-20,S,M,110000
RD9720,Roger Demir,1973-07-28,M,F,80000
RS9870,Roy Skaria,2005-05-24,S,F,100000
EB3840,Ellis Ballard,1998-03-15,M,F,100000
TC21475,Tony Chapman,1966-02-18,M,M,130000
BH1710,Brosina Hoffman,1951-08-16,M,M,130000
MH7620,Matt Hagelstein,1997-01-19,M,M,130000
PT9090,Pete Takahito,1969-10-21,S,F,70000
DC2850,Dan Campbell,1950-12-05,S,F,80000
AG900,Arthur Gainer,1966-03-28,S,F,80000
DC12850,Dan Campbell,1978-03-24,M,F,70000
JF5565,Jill Fjeld,1957-12-20,M,M,120000
SR10740,Steven Roelle,1993-09-29,M,M,80000
MK7905,Michael Kennedy,1971-02-08,M,F,80000
JK5370,Jay Kimmel,1963-03-07,S,F,90000
GM4680,Greg Matthias,1950-02-05,M,F,100000
PC9000,Pauline Chand,1962-11-07,S,M,120000
DL3315,Delfina Latchford,1955-11-27,S,M,150000
JL5235,Janet Lee,1954-06-27,M,M,150000
BB990,Barry Blumstein,2001-07-19,M,M,80000
RP9390,Resi Pölking,1961-04-13,M,M,80000
ES4020,Erica Smith,1962-06-06,S,M,100000
MH7455,Mark Hamilton,1957-09-20,M,M,80000
JD5790,John Dryer,1961-08-07,S,F,120000
DB3270,Deborah Brumfield,2002-06-26,M,F,130000
PK9075,Pete Kriz,1950-11-30,S,F,130000
NM8520,Neoma Murray,1962-02-07,S,M,130000
MO7500,Mary O'Rourke,1988-02-17,M,M,130000
SG10890,Susan Gilcrest,1986-02-27,M,M,170000
MF8250,Monica Federle,1989-06-09,S,M,60000
JG5310,Jason Gross,1988-08-28,S,M,60000
YS11880,Yana Sorensen,1961-01-03,S,M,70000
FC4245,Frank Carlisle,1999-10-30,M,M,80000
BW1110,Bart Watters,1990-04-25,S,F,50000
BS1590,Brendan Sweed,1986-08-07,S,F,50000
CS2460,Chuck Sachs,1998-12-13,M,F,130000
MH7290,Marc Harrigan,1972-07-25,M,F,70000
KE6420,Katrina Edelman,1981-02-27,M,F,80000
AJ780,Anthony Jacobs,1960-07-25,M,M,100000
MM7920,Michael Moore,2000-09-06,S,F,100000
ML8265,Muhammed Lee,1954-01-17,S,M,100000
RR9315,Ralph Ritter,1996-01-05,M,M,100000
JF5490,Jeremy Farry,1959-11-17,S,F,110000
AG765,Anthony Garverick,1972-11-07,M,F,130000
DS3030,Darrin Sayre,1972-05-19,S,M,170000
AH75,Adam Hart,1951-07-26,M,F,60000
NB18580,Nicole Brennan,1965-03-25,S,F,60000
KD6270,Karen Daniels,1996-03-25,S,M,70000
MJ7740,Max Jones,2005-05-23,S,F,70000
DM3525,Don Miller,1956-05-30,S,F,70000
GH4665,Greg Hansen,1998-05-05,S,F,70000
RM9675,Robert Marley,1990-10-07,M,M,70000
TS11610,Troy Staebel,1995-05-12,M,M,60000
PR8880,Patrick Ryan,1984-08-28,S,F,40000
HP4815,Harold Pawlan,1983-11-23,M,M,70000
EC4050,Erin Creighton,1968-12-10,M,F,100000
BF1005,Barry Franz,2001-08-05,M,M,100000
SC10050,Sample Company A,1981-07-25,M,M,120000
DM3345,Denise Monton,1987-11-30,M,M,120000
CD2280,Christina DeMoss,1994-12-15,S,F,130000
BP1095,Bart Pistole,2003-08-15,M,F,90000
TC11475,Tony Chapman,1964-06-14,S,M,80000
DW3540,Don Weiss,1965-08-25,M,F,130000
BE1455,Brad Eason,1970-04-02,M,F,130000
AH195,Alan Haines,1972-12-28,M,M,10000
DO3645,Doug O'Connell,1971-04-07,M,M,10000
CA2055,Cathy Armstrong,1993-11-19,M,F,10000
LP7080,Liz Pelletier,1951-03-17,M,M,10000
BN1515,Bradley Nguyen,1974-03-17,M,F,20000
NK8490,Neil Knudson,1966-06-13,M,F,20000
AR510,Andrew Roberts,1982-09-10,M,M,20000
VM11835,Vivian Mathis,2000-07-22,M,M,10000
TH11115,Thea Hudgings,1956-07-18,M,M,10000
AB165,Alan Barnes,1993-04-09,M,M,10000
LB6735,Larry Blacks,1961-09-24,M,F,10000
GA4515,George Ashbrook,1959-02-11,M,F,20000
DJ3630,Doug Jacobs,1989-04-07,M,F,20000
LT6765,Larry Tron,1960-03-07,M,F,20000
SG10080,Sandra Glassco,1996-01-13,M,M,20000
TB11175,Thomas Boland,1985-10-24,M,F,20000
AP915,Arthur Prichep,1961-12-24,M,F,10000
ON8715,Odella Nelson,1967-03-08,M,F,10000
SB10290,Sean Braxton,1992-09-18,M,F,20000
AJ795,Anthony Johnson,1972-02-29,M,F,10000
TP11565,Tracy Poddar,1987-09-24,M,M,10000
ML8040,Michelle Lonsdale,1959-09-08,S,F,10000
LC6870,Lena Cacioppo,1984-07-27,S,M,10000
AB105,Adrian Barton,1958-10-21,M,M,10000
AW840,Anthony Witt,1993-07-22,M,M,10000
JO5280,Jas O'Carroll,1952-11-13,M,F,30000
ME7320,Maria Etezadi,1983-05-19,M,F,20000
SW10455,Shaun Weien,1999-08-28,M,F,20000
LP7095,Liz Preis,1952-07-19,M,F,30000
DW3195,David Wiener,1964-06-10,M,M,30000
SC10770,Stewart Carmichael,1973-09-13,S,M,10000
HE4800,Harold Engle,1982-04-20,S,F,10000
DL3495,Dionis Lloyd,1996-09-12,S,M,10000
EJ4155,Eva Jacobs,1965-12-05,S,F,10000
JH6180,Justin Hirsh,1977-12-19,M,F,20000
DK3150,David Kendrick,1983-04-27,S,M,10000
XP11865,Xylona Preis,1973-03-08,M,M,10000
KT6480,Kean Thornton,1990-08-25,S,F,20000
MB8085,Mick Brown,1963-06-28,S,M,10000
AR345,Alex Russell,1963-10-10,M,M,20000
BD1320,Bill Donatelli,1995-02-21,S,F,10000
DP3165,David Philippe,1997-03-22,M,M,20000
KD6495,Keith Dawkins,2001-12-23,M,M,20000
CK2595,Clytie Kelty,1997-10-21,S,F,20000
SB10170,Sarah Bern,2003-10-08,S,M,20000
JJ5760,Joel Jenkins,1970-11-28,S,F,20000
GH4485,Gene Hale,1989-08-15,M,F,20000
DB3555,Dorothy Badders,1956-03-26,M,M,30000
LB6795,Laurel Beltran,1988-11-12,M,F,30000
KT6465,Kean Takahito,1955-05-21,M,F,30000
GA4725,Guy Armstrong,1964-08-10,M,F,30000
DK3090,Dave Kipp,1970-04-10,M,F,10000
SS10590,Sonia Sunley,2002-12-13,M,F,20000
SD10485,Shirley Daniels,2004-05-28,S,M,20000
TS21085,Thais Sissman,1989-01-27,S,M,20000
RA9945,Ryan Akin,1982-04-21,S,M,10000
JO5145,Jack O'Briant,1988-12-25,M,F,20000
LW7215,Luke Weiss,1968-09-01,S,M,20000
RB9645,Robert Barroso,1950-11-22,M,M,30000
MV7485,Mark Van Huff,1985-09-15,M,M,30000
BW1200,Ben Wallace,1978-05-16,S,F,30000
CC2610,Corey Catlett,1987-04-23,M,M,30000
BD1560,Brendan Dodson,1966-12-15,M,M,40000
CS2505,Cindy Stewart,1995-08-20,M,M,30000
VT11700,Valerie Takahito,1981-04-23,S,M,10000
MC7845,Michael Chen,1957-04-02,S,F,20000
KH6690,Kristen Hastings,1956-04-01,M,F,30000
VS11820,Vivek Sundaresam,1975-02-09,S,F,10000
NF8475,Neil Französisch,1967-06-28,S,F,10000
TB11190,Thomas Brumley,1989-02-10,M,M,30000
TS11205,Thomas Seio,1991-06-07,M,F,30000
TD10995,Tamara Dahlen,2001-03-06,M,F,40000
EB3750,Edward Becker,1961-05-06,S,M,40000
AH690,Anna Häberlin,1956-07-08,S,M,20000
TB11280,Toby Braunhardt,1956-07-14,M,F,30000
AM705,Anne McFarland,1951-12-20,S,F,30000
BD1620,Brian DeCherney,1961-07-31,S,M,40000
KF6285,Karen Ferguson,1999-10-22,S,M,10000
BE1335,Bill Eplett,1951-05-04,M,F,10000
HA4905,Helen Abelman,1997-10-23,S,M,10000
ND8370,Natalie DeCherney,1962-02-19,S,F,10000
AA645,Anna Andreadi,1973-08-29,S,M,90000
CC2430,Chuck Clark,2004-03-08,M,M,130000
PL8925,Paul Lucas,1976-05-14,M,F,130000
SO10335,Sean O'Donnell,1994-02-09,M,M,130000
AY555,Andy Yotov,1956-04-09,S,M,60000
JB6000,Joy Bell,1958-06-19,M,M,70000
SN10560,Skye Norling,2002-01-06,S,F,80000
AH465,Amy Hunt,1985-06-04,S,F,90000
HW4935,Helen Wasserman,1965-02-11,M,M,150000
MC7425,Mark Cousins,1995-09-15,S,F,80000
BT1680,Brian Thompson,1950-07-20,S,F,100000
MG7650,Matthew Grinstein,1952-08-21,M,M,100000
CB2415,Christy Brittain,1980-08-14,M,F,130000
CK2760,Cyma Kinney,1959-09-08,S,M,130000
AG330,Alex Grayson,1996-11-04,M,M,80000
MK8160,Mike Kennedy,2000-06-12,M,M,80000
NC8625,Noah Childs,1957-06-21,M,M,90000
MO7950,Michael Oakman,1951-02-15,M,F,100000
HF4995,Herbert Flentye,1977-08-14,S,M,130000
SJ10215,Sarah Jordon,1952-05-24,S,F,130000
AO810,Anthony O'Donnell,1991-01-02,S,M,130000
RM9375,Raymond Messe,1953-10-18,M,M,100000
MM8055,Michelle Moray,1993-10-15,S,M,100000
DN3690,Duane Noonan,1952-07-19,M,F,110000
EB3930,Eric Barreto,1953-02-15,M,F,130000
NH8610,Nicole Hansen,1955-03-12,M,M,130000
EL3735,Ed Ludwig,1960-09-05,M,M,150000
PS8760,Pamela Stobb,1978-11-21,M,F,170000
ST10530,Shui Tom,1959-03-26,M,F,90000
RH9510,Rick Huthwaite,1998-12-10,S,F,120000
BD1605,Brian Dahlen,1954-01-20,M,F,70000
SC10440,Shaun Chance,1960-11-17,M,F,80000
CG2040,Catherine Glotzbach,1988-11-28,M,M,80000
TG11310,Toby Gnade,2002-12-05,S,M,90000
FO4305,Frank Olsen,1965-02-23,M,F,130000
CS1950,Carlos Soltero,1992-07-12,S,M,170000
LE6810,Laurel Elliston,1978-06-12,S,M,100000
DR2880,Dan Reichenbach,1965-09-17,S,M,130000
JR5700,Jocasta Rupert,2000-02-03,S,F,170000
MS7710,Maurice Satty,2000-09-08,M,M,100000
PM8940,Paul MacIntyre,2003-06-12,S,F,70000
AZ750,Annie Zypern,1981-03-03,M,M,90000
AA375,Allen Armold,1950-03-27,M,M,90000
FM4290,Frank Merwin,2004-08-04,M,M,130000
CR2820,Cyra Reiten,1958-06-17,S,M,150000
VB11745,Victoria Brennan,1995-01-07,S,M,130000
RH19600,Rob Haberlin,1978-04-15,S,M,70000
KH6330,Katharine Harms,1961-11-07,S,F,70000
ME7725,Max Engle,1952-04-04,S,M,70000
FA4230,Frank Atkinson,1996-10-25,S,F,70000
GM4455,Gary Mitchum,1962-05-28,M,F,80000
KH6510,Keith Herrera,1977-11-17,M,F,70000
CD2790,Cynthia Delaney,1973-08-09,M,F,60000
NB8580,Nicole Brennan,1954-02-18,S,F,80000
CS2250,Chris Selesnick,1999-05-08,S,F,80000
SP10920,Susan Pistek,1970-06-22,S,M,90000
TH11100,Thea Hendricks,1993-12-07,M,F,90000
DC3285,Debra Catini,1993-05-04,M,M,90000
CM2655,Corinna Mitchell,1986-02-05,S,F,90000
RF9735,Roland Fjeld,1958-09-25,M,M,90000
LH6750,Larry Hughes,1957-06-17,M,F,100000
JM5265,Janet Molinari,1971-05-15,M,M,100000
CS1845,Cari Sayre,2003-09-14,M,M,110000
CS1860,Cari Schnelling,1955-06-03,M,M,110000
BT1485,Brad Thomas,1995-02-23,S,F,120000
KB6240,Karen Bern,1973-07-01,S,F,90000
KB6600,Ken Brennan,1994-05-19,S,F,100000
LS7230,Lycoris Saunders,1981-03-16,M,F,100000
MS7365,Maribeth Schnelling,1978-04-29,M,F,130000
BG1740,Bruce Geld,1987-05-08,S,M,130000
HJ4875,Heather Jas,2005-08-17,M,F,160000
LR6915,Lena Radford,1959-11-28,S,M,90000
JW6075,Julia West,1952-07-16,M,F,110000
DJ3420,Denny Joy,1992-12-15,M,F,130000
SP10650,Stephanie Phelps,2000-07-26,M,M,80000
VM21835,Vivian Mathis,1999-03-28,M,F,80000
CM1815,Candace McMahon,2003-11-03,S,F,10000
MH8025,Michelle Huthwaite,1987-06-06,S,M,10000
RD9480,Rick Duston,2004-11-20,S,M,60000
PW9030,Pauline Webber,1966-06-02,M,M,60000
EB4170,Evan Bailliet,1980-06-30,S,F,60000
SM10950,Suzanne McNair,2003-11-07,S,M,60000
NP8325,Naresj Patel,1961-05-04,S,M,30000
MP8175,Mike Pelletier,1985-01-05,S,F,20000
CM2160,Charles McCrossin,1974-11-10,S,M,20000
NP8700,Nora Preis,1980-12-09,S,F,20000
BP1185,Ben Peterman,1990-02-01,S,M,20000
SW10755,Steven Ward,1987-12-04,S,F,30000
AC450,Amy Cox,1974-01-02,S,F,30000
SE10110,Sanjit Engle,1970-08-08,S,M,30000
BS1365,Bill Shonely,1983-08-12,M,M,40000
RM9750,Roland Murray,1970-10-23,S,F,20000
BT1395,Bill Tyler,1961-12-03,S,M,30000
BP1155,Becky Pak,1998-09-30,M,F,40000
GT4635,Grant Thornton,1972-11-18,M,F,40000
CM1935,Carlos Meador,2003-02-11,S,F,20000
RE9405,Ricardo Emerson,1991-04-09,S,F,30000
KS6300,Karen Seio,1958-03-04,S,F,30000
TS11160,Theresa Swint,1975-10-12,S,M,30000
ML7395,Marina Lichtenstein,1958-06-03,S,F,40000
BF1170,Ben Ferrer,1959-07-26,S,F,40000
NS8640,Noel Staavos,1995-05-30,S,F,10000
RB9570,Rob Beeghly,2002-03-07,S,F,20000
FM4380,Fred McMath,1957-06-26,S,F,20000
AG300,Aleksandra Gannaway,1993-09-21,S,M,30000
SW10350,Sean Wendt,1988-08-29,S,F,30000
JR6210,Justin Ritter,1984-06-07,S,M,40000
MD7350,Maribeth Dona,1961-06-07,S,F,40000
ML7755,Max Ludwig,1951-05-29,S,M,40000
HA4920,Helen Andreada,1968-01-31,S,M,40000
AS45,Aaron Smayling,1987-12-09,S,F,40000
BF1215,Benjamin Farhat,1967-01-15,S,M,40000
LH6900,Lena Hernandez,1974-04-05,S,M,40000
DP3390,Dennis Pardue,2002-05-25,S,F,40000
DH3075,Dave Hallsten,1958-10-01,S,M,40000
HM4860,Harry Marie,1967-05-08,S,M,50000
SB10185,Sarah Brown,1981-05-18,S,M,50000
RF9840,Roy Französisch,1971-02-12,S,M,50000
SV10935,Susan Vittorini,1965-02-10,S,F,40000
CS2355,Christine Sundaresam,1955-01-03,S,F,40000
GM4695,Greg Maxwell,1971-08-13,S,M,40000
AT435,Alyssa Tate,1959-04-15,M,F,50000
MC8130,Mike Caudle,1975-10-19,S,M,60000
FP4320,Frank Preis,1970-02-02,S,M,60000
DK3225,Dean Katz,1987-10-23,S,F,60000
VG11790,Vivek Gonzalez,1999-11-27,S,F,60000
LF7185,Luke Foster,1989-04-16,S,F,60000
NC8535,Nick Crebassa,1962-04-20,S,M,20000
DB3405,Denny Blanton,1972-10-04,M,F,30000
MH8115,Mick Hernandez,1981-10-18,M,M,30000
SA10830,Sue Ann Reed,1982-11-19,M,M,30000
JK5640,Jim Kriz,1973-12-02,M,F,30000
VF11715,Vicky Freymann,1978-11-16,S,F,20000
VW11775,Victoria Wilson,1967-02-26,M,F,30000
SN10710,Steve Nguyen,1975-11-15,M,M,30000
MS7980,Michael Stewart,1986-02-28,M,M,40000
AD180,Alan Dominguez,1992-02-11,M,F,40000
MC8100,Mick Crebagga,1969-12-03,M,M,40000
JB5925,Joni Blumstein,1950-03-28,M,M,40000
JC5340,Jasper Cacioppo,1952-05-02,M,F,40000
MF7665,Maureen Fritzler,1958-02-07,M,M,40000
RP9270,Rachel Payne,1976-09-20,M,M,40000
PF9120,Peter Fuller,1950-07-25,M,M,40000
DK2895,Dana Kaydos,1979-08-17,M,M,40000
RW9630,Rob Williams,1994-02-27,M,F,40000
TM11490,Tony Molinari,1977-06-02,M,M,40000
Co2640,CoreyLock,1987-07-05,M,M,40000
EM3810,Eleni McCrary,1994-12-14,S,F,80000
JK6090,Juliana Krohn,1961-04-27,M,F,40000
JH5430,Jennifer Halladay,1950-07-19,M,M,40000
AR405,Allen Rosenblatt,1956-10-04,M,M,40000
TZ11580,Tracy Zic,2002-07-10,M,F,40000
BG1035,Barry Gonzalez,1981-07-06,M,M,40000
PS9045,Penelope Sewall,1972-07-02,M,F,40000
MS7770,Maxwell Schwartz,1950-09-28,M,M,40000
SS10875,Sung Shariari,1999-09-07,M,F,40000
DB2970,Darren Budd,1964-09-04,M,M,40000
SS10515,Shirley Schmidt,2002-07-28,S,F,60000
AW930,Arthur Wiediger,1996-03-16,S,M,60000
PK8910,Paul Knutson,2005-04-28,M,M,60000
GM4440,Gary McGarr,1969-10-19,S,F,60000
CY2745,Craig Yedwab,1988-07-14,M,M,60000
RW9690,Robert Waldorf,1980-06-14,S,F,60000
CC2100,Chad Cunningham,1960-06-07,M,M,60000
KD6345,Katherine Ducich,2001-01-10,M,M,60000
KN6390,Katherine Nockton,1952-08-12,M,M,60000
GT4710,Greg Tran,1979-11-12,S,F,60000
TS11085,Thais Sissman,1976-06-13,M,F,30000
RR9525,Rick Reed,1985-08-09,S,F,30000
MT7815,Meg Tillman,1972-11-29,S,F,30000
JA5970,Joseph Airdo,1986-01-27,M,F,40000
CB2535,Claudia Bergmann,1974-07-22,M,M,40000
AP720,Anne Pryor,1961-01-29,M,M,40000
SP10860,Sung Pak,1951-03-03,S,M,10000
IL5100,Ivan Liston,2001-10-11,M,F,20000
VD11670,Valerie Dominguez,1994-04-16,M,M,20000
EH3765,Edward Hooks,1950-06-10,S,F,20000
BS1755,Bruce Stewart,1993-01-28,M,M,30000
HL5040,Hunter Lopez,1990-10-10,M,M,20000
CA2310,Christine Abelman,1954-10-09,M,F,20000
AC420,Alyssa Crouse,1963-07-08,M,F,40000
CC2145,Charles Crestani,1996-07-30,M,M,30000
KB6585,Ken Black,1962-08-16,M,M,30000
JG5115,Jack Garza,1957-02-09,M,F,30000
GK4620,Grace Kelly,1955-10-20,S,M,10000
FW4395,Fred Wasserman,1959-12-05,S,M,20000
VM11685,Valerie Mitchum,1958-12-25,M,F,20000
RB9360,Raymond Buch,1985-07-07,S,M,20000
AG495,Andrew Gjertsen,1971-12-13,M,F,30000
IM5070,Irene Maddox,2001-08-11,S,F,10000
MC7635,Matthew Clasen,1989-05-25,S,M,10000
SH10635,Stefanie Holloman,1959-03-24,S,M,10000
KC6540,Kelly Collister,1962-04-19,S,F,20000
QJ9255,Quincy Jones,1960-04-10,S,F,20000
JK5325,Jason Klamczynski,1989-07-12,S,F,20000
AI855,Arianne Irving,2002-06-08,S,F,20000
SC10095,Sanjit Chand,2004-11-17,S,M,20000
CT1995,Carol Triggs,1977-06-19,S,M,20000
PJ8835,Patrick Jones,2001-08-13,M,M,40000
JM6195,Justin MacKendrick,1996-10-01,M,F,40000
CV2295,Christina VanderZanden,2005-12-17,M,M,40000
DB3120,David Bremer,1950-02-04,S,F,60000
NL8310,Nancy Lomonaco,1960-02-27,M,M,40000
BB1545,Brenda Bowman,1998-03-24,M,F,30000
BV1245,Benjamin Venier,1960-10-16,S,M,30000
BS1380,Bill Stewart,2002-04-01,M,F,40000
KA6525,Kelly Andreada,2004-03-11,M,F,40000
RB9795,Ross Baird,1992-08-29,M,M,40000
EP3915,Emily Phan,1957-02-02,S,F,20000
JS5595,Jill Stevenson,1963-01-11,S,F,30000
JE5610,Jim Epp,1979-06-12,S,M,30000
CJ1875,Carl Jackson,1978-10-28,S,M,30000
TH11550,Tracy Hopkins,1977-04-25,S,F,30000
HR4830,Harold Ryan,1981-01-17,M,M,40000
KC6675,Kimberly Carter,1963-12-02,M,M,40000
LS7200,Luke Schmidt,1966-09-01,M,M,40000
DL2925,Daniel Lacy,1969-12-07,M,M,30000
WB11850,William Brown,2004-09-26,M,F,40000
SJ10500,Shirley Jackson,1992-11-04,M,M,40000
DF3135,David Flashing,2005-04-16,M,M,40000
SZ10035,Sam Zeldin,1990-03-09,S,M,30000
CK2205,Chloris Kastensmidt,1962-11-07,M,F,30000
TM11010,Tamara Manning,1989-03-19,S,M,30000
FC4335,Fred Chung,1955-06-06,S,F,30000
GB4530,George Bell,1959-11-05,S,F,30000
BF1275,Beth Fritzler,1958-06-11,S,F,30000
NB8655,Nona Balk,1958-10-22,S,F,30000
EH3990,Erica Hackney,1992-02-12,S,F,30000
SP10545,Sibella Parks,2002-02-09,S,M,30000
Dp3240,Dean percer,2001-01-20,S,M,20000
LW6825,Laurel Workman,1953-04-25,S,F,10000
EN3780,Edward Nazzal,1978-11-20,S,F,20000
TZ11445,Tom Zandusky,1957-11-02,S,M,20000
KD6615,Ken Dana,1951-06-23,S,F,30000
LD7005,Lisa DeCherney,2001-04-26,M,F,40000
CL1890,Carl Ludwig,1950-07-11,M,F,40000
HG4965,Henry Goldwyn,1952-03-15,M,M,60000
BO1350,Bill Overfelt,1968-01-16,S,M,60000
YC11895,Yoseph Carroll,1979-03-18,M,M,60000
JM5535,Jessica Myrick,1960-07-22,S,F,40000
RA9885,Ruben Ausman,1972-08-05,S,F,40000
KM6660,Khloe Miller,1963-02-15,M,M,50000
DW3585,Dorothy Wardle,1987-04-20,M,M,170000
TS11655,Trudy Schmidt,1952-09-14,M,F,10000
RK9300,Ralph Kennedy,1999-03-17,S,M,10000
SC10020,Sam Craven,1979-06-20,M,M,10000
AG390,Allen Goldenen,1997-08-02,M,M,10000
AT735,Annie Thurman,1981-09-13,M,F,20000
JW5955,Joni Wasserman,1995-09-02,S,M,20000
AF885,Art Foster,1968-06-09,M,M,30000
KB6405,Katrina Bavinger,1969-08-30,M,M,30000
BP1290,Beth Paige,1968-07-14,M,M,30000
OT8730,Olvera Toch,2004-08-23,M,M,10000
LS6975,Lindsay Shagiari,1977-05-25,M,M,10000
GD4590,Giulietta Dortch,1999-03-14,M,M,10000
MP7965,Michael Paige,1955-02-26,S,M,20000
DS3180,David Smith,1956-10-23,M,M,20000
ED3885,Emily Ducich,1976-02-09,S,F,10000
NZ8565,Nick Zandusky,1956-09-16,S,F,10000
JG5805,John Grady,1998-07-30,M,M,10000
EB3870,Emily Burns,1963-03-27,M,M,20000
BG1695,Brooke Gillingham,1981-08-08,M,M,20000
SR10425,Sharelle Roach,1977-09-06,M,F,20000
AS90,Adam Shillingsburg,1995-02-14,M,M,30000
SP10620,Stefania Perrino,1951-02-07,M,M,10000
SH10395,Shahid Hopkins,1954-03-15,M,M,10000
AR540,Andy Reiter,1956-07-04,M,M,10000
CM2235,Chris McAfee,1989-03-03,M,F,20000
AS225,Alan Schoenberger,1983-07-31,M,M,20000
RA9915,Russell Applegate,2003-08-22,M,F,20000
RS9420,Ricardo Sperren,1970-04-04,S,F,10000
TN11040,Tanja Norvell,1988-06-08,M,F,10000
VP11730,Victor Preis,1985-10-30,M,M,30000
KW6435,Katrina Willman,1999-03-13,M,M,30000
PP8955,Paul Prost,1952-03-31,M,F,10000
SC10575,Sonia Cooley,1984-11-02,M,M,30000
ML7410,Maris LaWare,2005-04-13,M,F,30000
CJ2010,Caroline Jumper,1967-05-14,M,F,30000
FG4260,Frank Gastineau,1960-09-06,M,F,40000
TW11025,Tamara Willingham,1979-12-11,S,M,10000
DB3210,Dean Braden,1977-06-23,M,F,10000
EA4035,Erin Ashbrook,1993-11-20,S,F,10000
EM3825,Elizabeth Moffitt,1970-07-11,S,M,10000
TB11355,Todd Boyes,1966-11-18,S,M,10000
ME8010,Michelle Ellison,1964-08-16,S,F,10000
JE5715,Joe Elijah,1984-10-11,S,M,10000
MC7605,Matt Connell,1997-10-16,S,M,10000
FH4350,Fred Harton,2002-12-22,S,M,10000
BC1125,Becky Castell,1953-07-12,S,F,10000
MG7875,Michael Grace,1970-12-07,S,M,10000
FH4275,Frank Hawley,1960-04-29,S,F,10000
DK2985,Darren Koutras,2000-02-28,S,F,10000
BK1260,Berenike Kampe,1975-01-01,S,M,10000
MP7470,Mark Packer,1990-12-05,S,F,10000
SC10800,Stuart Calhoun,1992-04-24,M,M,10000
BD1500,Bradley Drucker,1968-02-19,S,F,10000
RC9825,Roy Collins,1989-02-20,S,M,20000
MG7890,Michael Granlund,1988-01-12,S,F,10000
ZC11910,Zuschuss Carroll,2001-09-24,M,M,20000
